Workbook

Sheet Sintesi
B3: L’analisi ha l’obiettivo di creare una vista aggregata dell’impatto derivante dalle diverse scelte di soglia sugli scenari 14, 90, 30, 100, 95 e DF03-02 ai fini di reporting. Per utilizzare lo strumento è sufficiente selezionare le soglie all’interno dei file Excel degli scenari. L’aggregatore attuale recupera automaticamente i dati necessari dai file degli scenari e calcola l’impatto complessivo. Per confrontare le opzioni prudenziale, intermedia e aggressiva è sufficiente raccogliere manualmente i risultati prodotti dallo strumento ed effettuare il confronto.
F17: Scelta BPPB | P17: Interval analisis
F18: Prudenziale | H18: Intermedio | J18: Aggressivo | P18: Prudenziale | R18: Intermedio | T18: Aggressivo
A19: Totale alert top 6 calibrata | B19: =B23+B21 -> 1932 | C19: =B19=T19 -> TRUE | E19: Totale alert top 6 calibrata | F19: 2695 | H19: 2393 | J19: 2045 | O19: Totale alert top 6 calibrata | P19: 2894 | R19: 2480 | T19: 1932
A20: Totale alert top 6 as is | B20: =Analisi!B38 -> 3027 | C20: =B20=T20 -> TRUE | E20: Totale alert top 6 as is | F20: 3027 | G20: =(F20-F19)/F20 -> 0.10967955 | H20: 3027 | I20: =(H20-H19)/H20 -> 0.2094483 | J20: 3027 | K20: =(J20-J19)/J20 -> 0.32441361 | O20: Totale alert top 6 as is | P20: 3027 | Q20: =(P20-P19)/P20 -> 0.043937892 | R20: 3027 | S20: =(R20-R19)/R20 -> 0.18070697 | T20: 3027 | U20: =(T20-T19)/T20 -> 0.3617443
A21: FP Calibrata | B21: =Analisi!B42 -> 861 | C21: =B21=T21 -> TRUE | E21: FP Calibrata | F21: 1236 | H21: 1083 | J21: 888 | O21: FP Calibrata | P21: 1356 | R21: 1138 | T21: 861
A22: FP as-is | B22: =Analisi!B50 -> 1421 | C22: =B22=T22 -> TRUE | E22: FP as-is | F22: 1421 | G22: =(F22-F21)/F22 -> 0.13019001 | H22: 1421 | I22: =(H22-H21)/H22 -> 0.23786066 | J22: 1421 | K22: =(J22-J21)/J22 -> 0.37508797 | O22: FP as-is | P22: 1421 | Q22: =(P22-P21)/P22 -> 0.045742435 | R22: 1421 | S22: =(R22-R21)/R22 -> 0.19915552 | T22: 1421 | U22: =(T22-T21)/T22 -> 0.39408867
A23: Open Alert Calibrata | B23: =Analisi!B43 -> 1071 | C23: =B23=T23 -> TRUE | E23: Open Alert Calibrata | F23: 1459 | H23: 1310 | J23: 1157 | O23: Open Alert Calibrata | P23: 1538 | R23: 1342 | T23: 1071
A24: Open Alert as-is | B24: =Analisi!B51 -> 1606 | C24: =B24=T24 -> TRUE | E24: Open Alert as-is | F24: 1606 | G24: =(F24-F23)/F24 -> 0.091531756 | H24: 1606 | I24: =(H24-H23)/H24 -> 0.18430884 | J24: 1606 | K24: =(J24-J23)/J24 -> 0.27957659 | O24: Open Alert as-is | P24: 1606 | Q24: =(P24-P23)/P24 -> 0.04234122 | R24: 1606 | S24: =(R24-R23)/R24 -> 0.16438356 | T24: 1606 | U24: =(T24-T23)/T24 -> 0.33312578
A25: Spostamento delle soglie | B25: =Analisi!G60 -> 1.5210662 | C25: =B25=T25 -> TRUE | E25: Spostamento delle soglie | F25: 0.13632945 | H25: 0.41133483 | J25: 0.73084056 | O25: Spostamento delle soglie | P25: 0.1402699 | R25: 0.47681378 | T25: 1.5210662
F27: Controlli di correttezza | P27: Controlli di correttezza
F29: =F19=(F23+F21) -> TRUE | H29: =H19=(H23+H21) -> TRUE | J29: =J19=(J23+J21) -> TRUE | P29: =P19=(P21+P23) -> TRUE | R29: =R19=(R21+R23) -> TRUE | T29: =T19=(T21+T23) -> TRUE
F30: =F20=(F24+F22) -> TRUE | H30: =H20=(H24+H22) -> TRUE | J30: =J20=(J24+J22) -> TRUE | P30: =P20=(P22+P24) -> TRUE | R30: =R20=(R22+R24) -> TRUE | T30: =T20=(T22+T24) -> TRUE
F37: Prudenziale | G37: Intermedio | H37: Aggressivo | P37: Soglia di percentile 5 | Q37: Soglia di percentile 25 | R37: Soglia di percentile 50
E38: Spostamento Soglie | F38: =F25 -> 0.13632945 | G38: =H25 -> 0.41133483 | H38: =J25 -> 0.73084056 | O38: Spostamento Soglie | P38: =P25 -> 0.1402699 | Q38: =R25 -> 0.47681378 | R38: =T25 -> 1.5210662
E39: Riduzione su top 6 | F39: =G20 -> 0.10967955 | G39: =I20 -> 0.2094483 | H39: =K20 -> 0.32441361 | O39: Riduzione su top 6 | P39: =Q20 -> 0.043937892 | Q39: =S20 -> 0.18070697 | R39: =U20 -> 0.3617443
E40: Eliminazione Alert Falsi Positivi | F40: =G22 -> 0.13019001 | G40: =I22 -> 0.23786066 | H40: =K22 -> 0.37508797 | O40: Eliminazione Alert Falsi Positivi | P40: =Q22 -> 0.045742435 | Q40: =S22 -> 0.19915552 | R40: =U22 -> 0.39408867
E41: Eliminazione Alert Aperti | F41: =G24 -> 0.091531756 | G41: =I24 -> 0.18430884 | H41: =K24 -> 0.27957659 | O41: Eliminazione Alert Aperti | P41: =Q24 -> 0.04234122 | Q41: =S24 -> 0.16438356 | R41: =U24 -> 0.33312578

Sheet Analisi
A2: Le celle sono automatizzate a partire dall’analisi contenuta nel file Excel di accompagnamento
A4: Path
A6: flg_SCEN_IN_USO | B6: 1
A7: flag_anom_causale | B7: (All)
A9: DESCRIZIONE | B9: CODICE | C9: % POSIZIONE | D9: # POSIZIONE | E9: Nel perimetro | F9: Stato avanzamento | G9: Post Calibrazione | H9: Riduzione | J9: Value | K9: Percentage
A10: Operazione per conto di importo elevato per la causale ed il soggetto | B10: 14 | C10: 1084 | D10: 0.35035553 | E10: yes | F10: Done | G10: =[1]Simulazione!$G$45 -> 807 | H10: =C10-G10 -> 277 | I10: Totale Netech | J10: =COUNTA(DATA!B2:B1048576) -> 3178
A11: Versamento giornaliero di importo contante elevato per la causale ed il soggetto | B11: 100 | C11: 682 | D11: 0.22042663 | E11: yes | F11: Done | G11: =[2]Simulazione!$G$24 -> 386 | H11: =C11-G11 -> 296 | J11: =-(J10-J12) -> -84
A12: Versamento giornaliero di importo elevato per la causale ed il soggetto | B12: 95 | C12: 500 | D12: 0.1616031 | E12: yes | F12: Done | G12: =[3]Simulazione!$G$24 -> 344 | H12: =C12-G12 -> 156 | I12: Scenari in Uso | J12: =C19 -> 3094
A13: Clienti che registrano elevata movimentazione in ingresso con bonifici e assegni e successiva movimentazione verso l'estero | B13: DF03-02 | C13: 324 | D13: 0.10471881 | E13: yes | F13: Done | G13: =[4]Simulazione!$G$19 -> 189 | H13: =C13-G13 -> 135 | J13: =-(J12-J14) -> -67
A14: Operazioni con paese controparte ad altissimo rischio | B14: 90 | C14: 304 | D14: 0.098254686 | E14: yes | F14: Done | G14: =[5]Simulazione!$G$18 -> 139 | H14: =C14-G14 -> 165 | I14: Top 6 | J14: =SUMIF(E10:E18,"yes",C10:C18) -> 3027
A15: Bonifico con Paese dell'intermediario della controparte a rischio | B15: 30 | C15: 133 | D15: 0.042986425 | E15: yes | F15: Done | G15: =[6]Simulazione!$G$18 -> 67 | H15: =C15-G15 -> 66 | I15: On Going | J15: =-(J14-J16) -> 0 | K15: =ABS(J15/$J$14) -> 0
A16: Ricezione di bonifico e quasi contestuale uscita | B16: PM-SA31 | C16: 52 | D16: 0.016806723 | E16: no | G16: =C16 -> 52 | H16: =C16-G16 -> 0 | I16: Calibrata | J16: =SUMIF(F10:F18,"Done",C10:C18) -> 3027 | K16: =J16/$J$14 -> 1
A17: Triangolazione della controparte | B17: 83 | C17: 8 | D17: 0.0025856496 | E17: no | G17: =C17 -> 8 | H17: =C17-G17 -> 0 | I17: O/W still Alert | J17: =-(J16-J18) -> -1932
A18: Titolare o presentatore residente in paese a rischio | B18: 40 | C18: 7 | D18: 0.0022624434 | E18: no | G18: =C18 -> 7 | H18: =C18-G18 -> 0 | I18: O/W Alert Removed | J18: =SUM(H10:H18) -> 1095 | K18: =J18/J16 -> 0.3617443
A19: Grand Total | C19: 3094 | D19: 1
A21: Scenari gia clibrati | D21: Scenari non calibrati
A24: flg_SCEN_IN_USO | B24: 1 | D24: flg_SCEN_IN_USO | E24: 1
A25: CODICE | B25: (Multiple Items) | D25: CODICE | E25: (Multiple Items)
A27: flag_stato | B27: Count of POSIZIONE | D27: flag_stato | E27: Count of POSIZIONE
A28: 0 | B28: 1421 | D28: 0 | E28: 9
A29: 1 | B29: 1551 | D29: 1 | E29: 6
A30: (blank) | B30: 55 | D30: (blank) | E30: 52
A31: Grand Total | B31: 3027 | D31: Grand Total | E31: 67
A35: Riduzione volumen Alert
A36: Totale Netech In Uso | B36: =J12 -> 3094 | C36: =$J$18/B36 -> 0.3539108
A37: Totale top 6 | B37: =SUMIF(E10:E15,"yes",C10:C15) -> 3027 | C37: =$J$18/B37 -> 0.3617443
A38: Totale Perimetro Calibrazione Fatto | B38: =SUMIF(F10:F18,"Done",C10:C18) -> 3027 | C38: =$J$18/B38 -> 0.3617443
A40: Calcolo del False Positive Rate e Delta Open Alert
B41: Sum | C41: scen 14 | D41: scen 90 | E41: scen 30 | F41: scen 100 | G41: scen 95 | H41: scen DF03-02
A42: FP Scen Calibrata | B42: =SUM(C42:H42) -> 861 | C42: =[1]Simulazione!$I$45 -> 370 | D42: =[5]Simulazione!$I$18 -> 69 | E42: =[6]Simulazione!$I$18 -> 32 | F42: =[2]Simulazione!$I$24 -> 197 | G42: =[3]Simulazione!$I$24 -> 101 | H42: =[4]Simulazione!$I$19 -> 92
A43: Open Alert Scen Calibrata | B43: =SUM(C43:H43) -> 1071 | C43: =[1]Simulazione!$K$45 -> 437 | D43: =[5]Simulazione!$K$18 -> 70 | E43: =[6]Simulazione!$K$18 -> 35 | F43: =[2]Simulazione!$K$24 -> 189 | G43: =[3]Simulazione!$K$24 -> 243 | H43: =[4]Simulazione!$K$19 -> 97
A44: FP Scetari NON Calibrate | B44: =E28 -> 9
A45: Open Alert Scetari NON Calibrate | B45: =E29+E30 -> 58 | D45: Controllo
D46: =SUM(B42:B45)+J18 -> 3094
D47: =D46=B36 -> TRUE
A50: FP Totale Calibrata | B50: =B28 -> 1421 | D50: Controllo
A51: Open Alert Totale Calibrata | B51: =B29+B30 -> 1606 | D51: =SUM(B50:B51) -> 3027
A52: FP eliminata | B52: =B28-B42 -> 560 | D52: =D51=B38 -> TRUE
A53: Open eliminata | B53: =B30+B29-B43 -> 535
A55: FP Post calib / FP T0 | B55: =B52/B50 -> 0.39408867
A56: Open Post Calib / Open T0 | B56: =B53/B51 -> 0.33312578
A58: Delta soglie
A59: scen 14 | B59: scen 90 | C59: scen 30 | D59: scen 100 | E59: scen 95 | F59: scen DF03-02 | G59: Mean
A60: =[1]Simulazione!$H$57 -> 1.923738 | B60: =[5]Simulazione!$G$24 -> 3.8 | C60: =[6]Simulazione!$H$24 -> 4.272928 | D60: =[2]Simulazione!$H$30 -> 0.62572205 | E60: =[3]Simulazione!$H$30 -> 0.31376926 | F60: =[4]Simulazione!$G$25 -> 0.6537308 | G60: =SUMPRODUCT(A61:F61,A60:F60)/SUM(A61:F61) -> 1.5210662
A61: =C10 -> 1084 | B61: =C14 -> 304 | C61: =C15 -> 133 | D61: =C11 -> 682 | E61: =C12 -> 500 | F61: =C13 -> 324
A63: =SUMPRODUCT($A$61:A61,$A$60:A60)/SUM($A$61:A61) -> 1.923738 | B63: =SUMPRODUCT($A$61:B61,$A$60:B60)/SUM($A$61:B61) -> 2.3346773 | C63: =SUMPRODUCT($A$61:C61,$A$60:C60)/SUM($A$61:C61) -> 2.5041627 | D63: =SUMPRODUCT($A$61:D61,$A$60:D60)/SUM($A$61:D61) -> 1.9226391 | E63: =SUMPRODUCT($A$61:E61,$A$60:E60)/SUM($A$61:E61) -> 1.6250309 | F63: =SUMPRODUCT($A$61:F61,$A$60:F60)/SUM($A$61:F61) -> 1.5210662

Sheet DATA
A1: POSIZIONE | B1: CODICE | C1: DESCRIZIONE | D1: RILEVATA | E1: INTERMEDIARIO | F1: DIPENDENZA | G1: IN CARICO A | H1: SISTEMA AR | I1: STATO | J1: INDICE PREDITTIVO | K1: REGISTRAZIONE | L1: NUMERO RAPPORTO | M1: DATA OPERAZIONE | N1: CAUSALE ANALITICA | O1: CAUSALE SINTETICA | P1: PAESE INTERMED. CONTROP. | Q1: SEGNO | R1: IMPORTO | S1: DI CUI CONTANTE | T1: TITOLARE NDG | U1: CODICE FISCALE | V1: COGNOME E NOME / RAGIONE SOCIALE | W1: D21 SAE | X1: D22 ATECO | Y1: PAESE RESIDENZA | Z1: GESTORE | AA1: STATO VALUTAZIONE | AB1: ID ECCEZIONE | AC1: DATA ULT. VALUTAZIONE | AD1: UFFICIO | AE1: AUTORE | AF1: ULTIMA VALUTAZIONE | AG1: PRESENZA ALLEGATI | AH1: ALTRE VALUTAZIONI | AI1: ANNOMESE | AJ1: Stato | AK1: flag_stato | AL1: flg_SCEN_IN_USO | AM1: CDG | AN1: flag_OggValut | AO1: flag_anom_causale | AP1: ATECO_CODE | AQ1: SAE_CODE | AR1: SAE_ATECO_CODE | AS1: Classe_old | AT1: RES_ATECO | AU1: Classe
A2: 341994 | B2: DF03-02 | C2: Clienti che registrano elevata movimentazione in ingresso con bonifici e assegni e successiva movimentazione verso l'estero | D2: 45787 | E2: 53850 | F2: 122 | G2: 053850_122 | H2: Discovery Frodi | I2: Mai valutato | L2: 1223300002128 | M2: 20250409 | N2: 48 - Bonifico in arrivo | Q2: A - Avere | R2: 39500 | T2: 3711207 | U2: 8825020723 | V2: EXPRIVIA S.P.A. | W2: 430 - Imprese produttive | X2: 620 - PRODUZIONE DI SOFTWARE, CONSULENZA INFORMATICA E ATTIVITÀ CONNESSE | Y2: 086 - ITALIA | Z2: 1696 | AH2: 0 | AI2: 202504 | AJ2: ARCHIVIATA DA RPR | AK2: 0 | AL2: 1 | AO2: 0 | AP2: 620 | AQ2: 430 | AR2: 430620 | AS2: Classe di rischio 3 | AU2: Classe di rischio 3
A3: 341991 | B3: DF03-02 | C3: Clienti che registrano elevata movimentazione in ingresso con bonifici e assegni e successiva movimentazione verso l'estero | D3: 45787 | E3: 53850 | F3: 154 | G3: 053850_154 | H3: Discovery Frodi | I3: Mai valutato | L3: 1543300004860 | M3: 20250408 | N3: 48 - Bonifico in arrivo | Q3: A - Avere | R3: 30000 | T3: 3715569 | U3: 5424970654 | V3: SQUISITEZZE SRL | W3: 430 - Imprese produttive | X3: 472 - COMMERCIO AL DETTAGLIO DI PRODOTTI ALIMENTARI, BEVANDE E TABACCO IN ESERCIZI SPECIALIZZATI | Y3: 086 - ITALIA | Z3: 741 | AH3: 0 | AI3: 202504 | AJ3: ARCHIVIATA | AK3: 0 | AL3: 1 | AM3: 3715569 | AN3: 1 | AO3: 0 | AP3: 999 | AQ3: 430 | AR3: 430999 | AT3: 1 | AU3: Classe di rischio 1
A4: 341990 | B4: DF03-02 | C4: Clienti che registrano elevata movimentazione in ingresso con bonifici e assegni e successiva movimentazione verso l'estero | D4: 45787 | E4: 53850 | F4: 154 | G4: 053850_154 | H4: Discovery Frodi | I4: Mai valutato | L4: 1543300004860 | M4: 20250409 | N4: 48 - Bonifico in arrivo | Q4: A - Avere | R4: 33250 | T4: 3715569 | U4: 5424970654 | V4: SQUISITEZZE SRL | W4: 430 - Imprese produttive | X4: 472 - COMMERCIO AL DETTAGLIO DI PRODOTTI ALIMENTARI, BEVANDE E TABACCO IN ESERCIZI SPECIALIZZATI | Y4: 086 - ITALIA | Z4: 741 | AH4: 0 | AI4: 202504 | AJ4: ARCHIVIATA | AK4: 0 | AL4: 1 | AM4: 3715569 | AN4: 1 | AO4: 0 | AP4: 999 | AQ4: 430 | AR4: 430999 | AT4: 1 | AU4: Classe di rischio 1
A5: 341985 | B5: DF03-02 | C5: Clienti che registrano elevata movimentazione in ingresso con bonifici e assegni e successiva movimentazione verso l'estero | D5: 45787 | E5: 53850 | F5: 169 | G5: 053850_169 | H5: Discovery Frodi | I5: Mai valutato | L5: 1693302222377 | M5: 20250402 | N5: 48 - Bonifico in arrivo | Q5: A - Avere | R5: 147538.19 | T5: 4036414 | U5: 296820723 | V5: FRATELLI D'ADDATO S.R.L. | W5: 430 - Imprese produttive | X5: 467 - COMMERCIO ALL'INGROSSO SPECIALIZZATO DI ALTRI PRODOTTI | Y5: 086 - ITALIA | Z5: 1920 | AH5: 0 | AI5: 202504 | AJ5: ARCHIVIATA | AK5: 0 | AL5: 1 | AM5: 4036414 | AN5: 1 | AO5: 0 | AP5: 999 | AQ5: 430 | AR5: 430999 | AT5: 1 | AU5: Classe di rischio 1
A6: 341984 | B6: DF03-02 | C6: Clienti che registrano elevata movimentazione in ingresso con bonifici e assegni e successiva movimentazione verso l'estero | D6: 45787 | E6: 53850 | F6: 105 | G6: 053850_105 | H6: Discovery Frodi | I6: Mai valutato | L6: 1053306287103 | M6: 20250423 | N6: 48 - Bonifico in arrivo | Q6: A - Avere | R6: 1572927.6 | T6: 4263360 | U6: 5982300724 | V6: CAPURSO AZIENDA CASEARIA S.R.L. | W6: 430 - Imprese produttive | X6: 105 - INDUSTRIA LATTIERO-CASEARIA | Y6: 086 - ITALIA | Z6: 1058 | AH6: 0 | AI6: 202504 | AJ6: ARCHIVIATA | AK6: 0 | AL6: 1 | AO6: 0 | AP6: 999 | AQ6: 430 | AR6: 430999 | AT6: 1 | AU6: Classe di rischio 1
A7: 341982 | B7: DF03-02 | C7: Clienti che registrano elevata movimentazione in ingresso con bonifici e assegni e successiva movimentazione verso l'estero | D7: 45787 | E7: 53850 | F7: 153 | G7: 053850_153 | H7: Discovery Frodi | I7: Mai valutato | L7: 1533300663959 | M7: 20250422 | N7: 48 - Bonifico in arrivo | Q7: A - Avere | R7: 26730 | T7: 3721097 | U7: 10391641213 | V7: COMBES S.R.L. | W7: 430 - Imprese produttive | X7: 462 - COMMERCIO ALL'INGROSSO DI MATERIE PRIME AGRICOLE E DI ANIMALI VIVI | Y7: 086 - ITALIA | Z7: 1237 | AH7: 0 | AI7: 202504 | AJ7: ARCHIVIATA | AK7: 0 | AL7: 1 | AO7: 0 | AP7: 462 | AQ7: 430 | AR7: 430462 | AS7: Classe di rischio 3 | AU7: Classe di rischio 3
A8: 341980 | B8: DF03-02 | C8: Clienti che registrano elevata movimentazione in ingresso con bonifici e assegni e successiva movimentazione verso l'estero | D8: 45787 | E8: 53850 | F8: 192 | G8: 053850_192 | H8: Discovery Frodi | I8: Mai valutato | L8: 1923300183163 | M8: 20250422 | N8: 48 - Bonifico in arrivo | Q8: A - Avere | R8: 28000 | T8: 4695944 | U8: VLNFNC74H03H096P | V8: VALENTE FRANCESCO | W8: 615 - Altre famiglie produttrici | X8: 691 - ATTIVITÀ DEGLI STUDI LEGALI | Y8: 086 - ITALIA | Z8: 481 | AH8: 0 | AI8: 202504 | AJ8: ARCHIVIATA | AK8: 0 | AL8: 1 | AM8: 4695944 | AN8: 1 | AO8: 0 | AP8: 999 | AQ8: 615 | AR8: 615999 | AT8: 1 | AU8: Classe di rischio 3
A9: 341976 | B9: DF03-02 | C9: Clienti che registrano elevata movimentazione in ingresso con bonifici e assegni e successiva movimentazione verso l'estero | D9: 45787 | E9: 53850 | F9: 153 | G9: 053850_153 | H9: Discovery Frodi | I9: Mai valutato | L9: 1533300663959 | M9: 20250414 | N9: 48 - Bonifico in arrivo | Q9: A - Avere | R9: 30891.3 | T9: 3721097 | U9: 10391641213 | V9: COMBES S.R.L. | W9: 430 - Imprese produttive | X9: 462 - COMMERCIO ALL'INGROSSO DI MATERIE PRIME AGRICOLE E DI ANIMALI VIVI | Y9: 086 - ITALIA | Z9: 1237 | AH9: 0 | AI9: 202504 | AJ9: ARCHIVIATA | AK9: 0 | AL9: 1 | AO9: 0 | AP9: 462 | AQ9: 430 | AR9: 430462 | AS9: Classe di rischio 3 | AU9: Classe di rischio 3
A10: 341974 | B10: DF03-02 | C10: Clienti che registrano elevata movimentazione in ingresso con bonifici e assegni e successiva movimentazione verso l'estero | D10: 45787 | E10: 53850 | F10: 264 | G10: 053850_264 | H10: Discovery Frodi | I10: Mai valutato | L10: 2643300001866 | M10: 20250415 | N10: 48 - Bonifico in arrivo | Q10: A - Avere | R10: 100000 | T10: 1700310 | U10: VLLNNL74S19A801N | V10: AVALLONE ANTONIO ALFREDO | W10: 615 - Altre famiglie produttrici | X10: 711 - ATTIVITÀ DEGLI STUDI DI ARCHITETTURA, INGEGNERIA ED ALTRI STUDI TECNICI | Y10: 086 - ITALIA | Z10: 1851 | AH10: 0 | AI10: 202504 | AJ10: ARCHIVIATA | AK10: 0 | AL10: 1 | AO10: 0 | AP10: 999 | AQ10: 615 | AR10: 615999 | AT10: 1 | AU10: Classe di rischio 3
A11: 341971 | B11: DF03-02 | C11: Clienti che registrano elevata movimentazione in ingresso con bonifici e assegni e successiva movimentazione verso l'estero | D11: 45787 | E11: 53850 | F11: 125 | G11: 053850_125 | H11: Discovery Frodi | I11: Mai valutato | L11: 1253309512895 | M11: 20250407 | N11: 48 - Bonifico in arrivo | Q11: A - Avere | R11: 55652.61 | T11: 4795279 | U11: 1020090658 | V11: GIAGUARO - S.P.A. | W11: 430 - Imprese produttive | X11: 103 - LAVORAZIONE E CONSERVAZIONE DI FRUTTA E ORTAGGI | Y11: 086 - ITALIA | Z11: 982 | AH11: 0 | AI11: 202504 | AJ11: ARCHIVIATA DA RPR | AK11: 0 | AL11: 1 | AO11: 0 | AP11: 999 | AQ11: 430 | AR11: 430999 | AT11: 1 | AU11: Classe di rischio 1
A12: 341961 | B12: DF03-02 | C12: Clienti che registrano elevata movimentazione in ingresso con bonifici e assegni e successiva movimentazione verso l'estero | D12: 45787 | E12: 53850 | F12: 153 | G12: 053850_153 | H12: Discovery Frodi | I12: Mai valutato | L12: 1533300663959 | M12: 20250422 | N12: 48 - Bonifico in arrivo | Q12: A - Avere | R12: 28600.02 | T12: 3721097 | U12: 10391641213 | V12: COMBES S.R.L. | W12: 430 - Imprese produttive | X12: 462 - COMMERCIO ALL'INGROSSO DI MATERIE PRIME AGRICOLE E DI ANIMALI VIVI | Y12: 086 - ITALIA | Z12: 1237 | AH12: 0 | AI12: 202504 | AJ12: ARCHIVIATA | AK12: 0 | AL12: 1 | AO12: 0 | AP12: 462 | AQ12: 430 | AR12: 430462 | AS12: Classe di rischio 3 | AU12: Classe di rischio 3
A13: 341957 | B13: DF03-02 | C13: Clienti che registrano elevata movimentazione in ingresso con bonifici e assegni e successiva movimentazione verso l'estero | D13: 45787 | E13: 53850 | F13: 154 | G13: 053850_154 | H13: Discovery Frodi | I13: Mai valutato | L13: 1543300004860 | M13: 20250402 | N13: 48 - Bonifico in arrivo | Q13: A - Avere | R13: 55660 | T13: 3715569 | U13: 5424970654 | V13: SQUISITEZZE SRL | W13: 430 - Imprese produttive | X13: 472 - COMMERCIO AL DETTAGLIO DI PRODOTTI ALIMENTARI, BEVANDE E TABACCO IN ESERCIZI SPECIALIZZATI | Y13: 086 - ITALIA | Z13: 741 | AH13: 0 | AI13: 202504 | AJ13: ARCHIVIATA | AK13: 0 | AL13: 1 | AM13: 3715569 | AN13: 1 | AO13: 0 | AP13: 999 | AQ13: 430 | AR13: 430999 | AT13: 1 | AU13: Classe di rischio 1
A14: 341946 | B14: DF03-02 | C14: Clienti che registrano elevata movimentazione in ingresso con bonifici e assegni e successiva movimentazione verso l'estero | D14: 45787 | E14: 53850 | F14: 153 | G14: 053850_153 | H14: Discovery Frodi | I14: Mai valutato | L14: 1533300663959 | M14: 20250414 | N14: 48 - Bonifico in arrivo | Q14: A - Avere | R14: 25045.55 | T14: 3721097 | U14: 10391641213 | V14: COMBES S.R.L. | W14: 430 - Imprese produttive | X14: 462 - COMMERCIO ALL'INGROSSO DI MATERIE PRIME AGRICOLE E DI ANIMALI VIVI | Y14: 086 - ITALIA | Z14: 1237 | AH14: 0 | AI14: 202504 | AJ14: ARCHIVIATA | AK14: 0 | AL14: 1 | AO14: 0 | AP14: 462 | AQ14: 430 | AR14: 430462 | AS14: Classe di rischio 3 | AU14: Classe di rischio 3
A15: 341945 | B15: DF03-02 | C15: Clienti che registrano elevata movimentazione in ingresso con bonifici e assegni e successiva movimentazione verso l'estero | D15: 45787 | E15: 53850 | F15: 148 | G15: 053850_148 | H15: Discovery Frodi | I15: Mai valutato | L15: 1483300004308 | M15: 20250401 | N15: 48 - Bonifico in arrivo | Q15: A - Avere | R15: 41685 | T15: 4898674 | U15: 2936580642 | V15: GLOBAL TRADING S.R.L.S. | W15: 430 - Imprese produttive | X15: 467 - COMMERCIO ALL'INGROSSO SPECIALIZZATO DI ALTRI PRODOTTI | Y15: 086 - ITALIA | Z15: 1063 | AH15: 0 | AI15: 202504 | AJ15: ARCHIVIATA | AK15: 0 | AL15: 1 | AO15: 0 | AP15: 999 | AQ15: 430 | AR15: 430999 | AT15: 1 | AU15: Classe di rischio 1
A16: 341944 | B16: DF03-02 | C16: Clienti che registrano elevata movimentazione in ingresso con bonifici e assegni e successiva movimentazione verso l'estero | D16: 45787 | E16: 53850 | F16: 103 | G16: 053850_103 | H16: Discovery Frodi | I16: Mai valutato | L16: 1033306967935 | M16: 20250403 | N16: G1 - Versamento assegni tratti su altro intermediario | Q16: A - Avere | R16: 25126.83 | T16: 155052 | U16: 2563580725 | V16: ITALSUD CARBURANTI SRL | W16: 430 - Imprese produttive | X16: 467 - COMMERCIO ALL'INGROSSO SPECIALIZZATO DI ALTRI PRODOTTI | Y16: 086 - ITALIA | Z16: 1926 | AH16: 0 | AI16: 202504 | AJ16: ARCHIVIATA | AK16: 0 | AL16: 1 | AM16: 155052 | AN16: 1 | AO16: 0 | AP16: 999 | AQ16: 430 | AR16: 430999 | AT16: 1 | AU16: Classe di rischio 1
A17: 341941 | B17: DF03-02 | C17: Clienti che registrano elevata movimentazione in ingresso con bonifici e assegni e successiva movimentazione verso l'estero | D17: 45787 | E17: 53850 | F17: 125 | G17: 053850_125 | H17: Discovery Frodi | I17: Mai valutato | L17: 1253309512895 | M17: 20250402 | N17: 48 - Bonifico in arrivo | Q17: A - Avere | R17: 178429.19 | T17: 4795279 | U17: 1020090658 | V17: GIAGUARO - S.P.A. | W17: 430 - Imprese produttive | X17: 103 - LAVORAZIONE E CONSERVAZIONE DI FRUTTA E ORTAGGI | Y17: 086 - ITALIA | Z17: 982 | AH17: 0 | AI17: 202504 | AJ17: ARCHIVIATA DA RPR | AK17: 0 | AL17: 1 | AO17: 0 | AP17: 999 | AQ17: 430 | AR17: 430999 | AT17: 1 | AU17: Classe di rischio 1
A18: 341937 | B18: DF03-02 | C18: Clienti che registrano elevata movimentazione in ingresso con bonifici e assegni e successiva movimentazione verso l'estero | D18: 45787 | E18: 53850 | F18: 122 | G18: 053850_122 | H18: Discovery Frodi | I18: Mai valutato | L18: 1223300001682 | M18: 20250429 | N18: 48 - Bonifico in arrivo | Q18: A - Avere | R18: 350419.46 | T18: 3711207 | U18: 8825020723 | V18: EXPRIVIA S.P.A. | W18: 430 - Imprese produttive | X18: 620 - PRODUZIONE DI SOFTWARE, CONSULENZA INFORMATICA E ATTIVITÀ CONNESSE | Y18: 086 - ITALIA | Z18: 1696 | AH18: 0 | AI18: 202504 | AJ18: ARCHIVIATA DA RPR | AK18: 0 | AL18: 1 | AO18: 0 | AP18: 620 | AQ18: 430 | AR18: 430620 | AS18: Classe di rischio 3 | AU18: Classe di rischio 3
A19: 341931 | B19: DF03-02 | C19: Clienti che registrano elevata movimentazione in ingresso con bonifici e assegni e successiva movimentazione verso l'estero | D19: 45787 | E19: 53850 | F19: 105 | G19: 053850_105 | H19: Discovery Frodi | I19: Mai valutato | L19: 1053306287103 | M19: 20250424 | N19: 48 - Bonifico in arrivo | Q19: A - Avere | R19: 208134.89 | T19: 4263360 | U19: 5982300724 | V19: CAPURSO AZIENDA CASEARIA S.R.L. | W19: 430 - Imprese produttive | X19: 105 - INDUSTRIA LATTIERO-CASEARIA | Y19: 086 - ITALIA | Z19: 1058 | AH19: 0 | AI19: 202504 | AJ19: ARCHIVIATA | AK19: 0 | AL19: 1 | AO19: 0 | AP19: 999 | AQ19: 430 | AR19: 430999 | AT19: 1 | AU19: Classe di rischio 1
A20: 341927 | B20: DF03-02 | C20: Clienti che registrano elevata movimentazione in ingresso con bonifici e assegni e successiva movimentazione verso l'estero | D20: 45787 | E20: 53850 | F20: 268 | G20: 053850_268 | H20: Discovery Frodi | I20: Mai valutato | L20: 2683300010038 | M20: 20250402 | N20: 48 - Bonifico in arrivo | Q20: A - Avere | R20: 120007.68 | T20: 1604219 | U20: 952850790 | V20: SABOLIO SRL | W20: 430 - Imprese produttive | X20: 104 - PRODUZIONE DI OLI E GRASSI VEGETALI E ANIMALI | Y20: 086 - ITALIA | Z20: 1627 | AH20: 0 | AI20: 202504 | AJ20: IN VALUTAZIONE RPR | AK20: 1 | AL20: 1 | AO20: 0 | AP20: 999 | AQ20: 430 | AR20: 430999 | AT20: 1 | AU20: Classe di rischio 1
A21: 341924 | B21: DF03-02 | C21: Clienti che registrano elevata movimentazione in ingresso con bonifici e assegni e successiva movimentazione verso l'estero | D21: 45787 | E21: 53850 | F21: 122 | G21: 053850_122 | H21: Discovery Frodi | I21: Mai valutato | L21: 1223300001682 | M21: 20250429 | N21: 48 - Bonifico in arrivo | Q21: A - Avere | R21: 87840 | T21: 3711207 | U21: 8825020723 | V21: EXPRIVIA S.P.A. | W21: 430 - Imprese produttive | X21: 620 - PRODUZIONE DI SOFTWARE, CONSULENZA INFORMATICA E ATTIVITÀ CONNESSE | Y21: 086 - ITALIA | Z21: 1696 | AH21: 0 | AI21: 202504 | AJ21: ARCHIVIATA DA RPR | AK21: 0 | AL21: 1 | AO21: 0 | AP21: 620 | AQ21: 430 | AR21: 430620 | AS21: Classe di rischio 3 | AU21: Classe di rischio 3
A22: 341919 | B22: DF03-02 | C22: Clienti che registrano elevata movimentazione in ingresso con bonifici e assegni e successiva movimentazione verso l'estero | D22: 45787 | E22: 53850 | F22: 153 | G22: 053850_153 | H22: Discovery Frodi | I22: Mai valutato | L22: 1533300663959 | M22: 20250428 | N22: 48 - Bonifico in arrivo | Q22: A - Avere | R22: 28809 | T22: 3721097 | U22: 10391641213 | V22: COMBES S.R.L. | W22: 430 - Imprese produttive | X22: 462 - COMMERCIO ALL'INGROSSO DI MATERIE PRIME AGRICOLE E DI ANIMALI VIVI | Y22: 086 - ITALIA | Z22: 1237 | AH22: 0 | AI22: 202504 | AJ22: ARCHIVIATA | AK22: 0 | AL22: 1 | AO22: 0 | AP22: 462 | AQ22: 430 | AR22: 430462 | AS22: Classe di rischio 3 | AU22: Classe di rischio 3
A23: 341912 | B23: DF03-02 | C23: Clienti che registrano elevata movimentazione in ingresso con bonifici e assegni e successiva movimentazione verso l'estero | D23: 45787 | E23: 53850 | F23: 122 | G23: 053850_122 | H23: Discovery Frodi | I23: Mai valutato | L23: 1223300001682 | M23: 20250429 | N23: 48 - Bonifico in arrivo | Q23: A - Avere | R23: 99430 | T23: 3711207 | U23: 8825020723 | V23: EXPRIVIA S.P.A. | W23: 430 - Imprese produttive | X23: 620 - PRODUZIONE DI SOFTWARE, CONSULENZA INFORMATICA E ATTIVITÀ CONNESSE | Y23: 086 - ITALIA | Z23: 1696 | AH23: 0 | AI23: 202504 | AJ23: ARCHIVIATA DA RPR | AK23: 0 | AL23: 1 | AO23: 0 | AP23: 620 | AQ23: 430 | AR23: 430620 | AS23: Classe di rischio 3 | AU23: Classe di rischio 3
A24: 341910 | B24: DF03-02 | C24: Clienti che registrano elevata movimentazione in ingresso con bonifici e assegni e successiva movimentazione verso l'estero | D24: 45787 | E24: 53850 | F24: 148 | G24: 053850_148 | H24: Discovery Frodi | I24: Mai valutato | L24: 1483300006067 | M24: 20250414 | N24: 48 - Bonifico in arrivo | Q24: A - Avere | R24: 40000 | T24: 3737044 | U24: 15554071009 | V24: PVM SRL | W24: 430 - Imprese produttive | X24: 522 - ATTIVITÀ DI SUPPORTO AI TRASPORTI | Y24: 086 - ITALIA | Z24: 1196 | AH24: 0 | AI24: 202504 | AJ24: ARCHIVIATA | AK24: 0 | AL24: 1 | AO24: 0 | AP24: 999 | AQ24: 430 | AR24: 430999 | AT24: 1 | AU24: Classe di rischio 1
A25: 341904 | B25: DF03-02 | C25: Clienti che registrano elevata movimentazione in ingresso con bonifici e assegni e successiva movimentazione verso l'estero | D25: 45787 | E25: 53850 | F25: 122 | G25: 053850_122 | H25: Discovery Frodi | I25: Mai valutato | L25: 1223300002128 | M25: 20250409 | N25: 48 - Bonifico in arrivo | Q25: A - Avere | R25: 77996.14 | T25: 3711207 | U25: 8825020723 | V25: EXPRIVIA S.P.A. | W25: 430 - Imprese produttive | X25: 620 - PRODUZIONE DI SOFTWARE, CONSULENZA INFORMATICA E ATTIVITÀ CONNESSE | Y25: 086 - ITALIA | Z25: 1696 | AH25: 0 | AI25: 202504 | AJ25: ARCHIVIATA DA RPR | AK25: 0 | AL25: 1 | AO25: 0 | AP25: 620 | AQ25: 430 | AR25: 430620 | AS25: Classe di rischio 3 | AU25: Classe di rischio 3
A26: 341896 | B26: DF03-02 | C26: Clienti che registrano elevata movimentazione in ingresso con bonifici e assegni e successiva movimentazione verso l'estero | D26: 45787 | E26: 53850 | F26: 109 | G26: 053850_109 | H26: Discovery Frodi | I26: Mai valutato | L26: 1093306672844 | M26: 20250416 | N26: 48 - Bonifico in arrivo | Q26: A - Avere | R26: 800000 | T26: 440311 | U26: 3550290724 | V26: ZENTRUM BARI S.R.L. | W26: 430 - Imprese produttive | X26: 451 - COMMERCIO DI AUTOVEICOLI | Y26: 086 - ITALIA | Z26: 1903 | AH26: 0 | AI26: 202504 | AJ26: ARCHIVIATA | AK26: 0 | AL26: 1 | AM26: 440311 | AN26: 1 | AO26: 0 | AP26: 451 | AQ26: 430 | AR26: 430451 | AS26: Classe di rischio 3 | AU26: Classe di rischio 3
A27: 341890 | B27: DF03-02 | C27: Clienti che registrano elevata movimentazione in ingresso con bonifici e assegni e successiva movimentazione verso l'estero | D27: 45787 | E27: 53850 | F27: 122 | G27: 053850_122 | H27: Discovery Frodi | I27: Mai valutato | L27: 1223300002128 | M27: 20250428 | N27: 48 - Bonifico in arrivo | Q27: A - Avere | R27: 32860 | T27: 3711207 | U27: 8825020723 | V27: EXPRIVIA S.P.A. | W27: 430 - Imprese produttive | X27: 620 - PRODUZIONE DI SOFTWARE, CONSULENZA INFORMATICA E ATTIVITÀ CONNESSE | Y27: 086 - ITALIA | Z27: 1696 | AH27: 0 | AI27: 202504 | AJ27: ARCHIVIATA DA RPR | AK27: 0 | AL27: 1 | AO27: 0 | AP27: 620 | AQ27: 430 | AR27: 430620 | AS27: Classe di rischio 3 | AU27: Classe di rischio 3
A28: 341888 | B28: DF03-02 | C28: Clienti che registrano elevata movimentazione in ingresso con bonifici e assegni e successiva movimentazione verso l'estero | D28: 45787 | E28: 53850 | F28: 122 | G28: 053850_122 | H28: Discovery Frodi | I28: Mai valutato | L28: 1223300002128 | M28: 20250409 | N28: 48 - Bonifico in arrivo | Q28: A - Avere | R28: 34002.77 | T28: 3711207 | U28: 8825020723 | V28: EXPRIVIA S.P.A. | W28: 430 - Imprese produttive | X28: 620 - PRODUZIONE DI SOFTWARE, CONSULENZA INFORMATICA E ATTIVITÀ CONNESSE | Y28: 086 - ITALIA | Z28: 1696 | AH28: 0 | AI28: 202504 | AJ28: ARCHIVIATA DA RPR | AK28: 0 | AL28: 1 | AO28: 0 | AP28: 620 | AQ28: 430 | AR28: 430620 | AS28: Classe di rischio 3 | AU28: Classe di rischio 3
A29: 341886 | B29: DF03-02 | C29: Clienti che registrano elevata movimentazione in ingresso con bonifici e assegni e successiva movimentazione verso l'estero | D29: 45787 | E29: 53850 | F29: 132 | G29: 053850_132 | H29: Discovery Frodi | I29: Mai valutato | L29: 1323300003714 | M29: 20250417 | N29: 48 - Bonifico in arrivo | Q29: A - Avere | R29: 32313.6 | T29: 3724103 | U29: 2178850760 | V29: DESMA SOCIETA' A RESPONSABILITA' LIMITATA SEMPLIFICATA | W29: 430 - Imprese produttive | X29: 522 - ATTIVITÀ DI SUPPORTO AI TRASPORTI | Y29: 086 - ITALIA | Z29: 823 | AH29: 0 | AI29: 202504 | AJ29: ARCHIVIATA DA RPR | AK29: 0 | AL29: 1 | AO29: 0 | AP29: 999 | AQ29: 430 | AR29: 430999 | AT29: 1 | AU29: Classe di rischio 1
A30: 341866 | B30: DF03-02 | C30: Clienti che registrano elevata movimentazione in ingresso con bonifici e assegni e successiva movimentazione verso l'estero | D30: 45787 | E30: 53850 | F30: 128 | G30: 053850_128 | H30: Discovery Frodi | I30: Mai valutato | L30: 1283300001665 | M30: 20250402 | N30: G1 - Versamento assegni tratti su altro intermediario | Q30: A - Avere | R30: 53722.17 | T30: 4254896 | U30: 6234730726 | V30: SPECIALMANGIMI GALTIERI S.P.A | W30: 430 - Imprese produttive | X30: 109 - PRODUZIONE DI PRODOTTI PER L'ALIMENTAZIONE DEGLI ANIMALI | Y30: 086 - ITALIA | Z30: 1919 | AH30: 0 | AI30: 202504 | AJ30: ARCHIVIATA | AK30: 0 | AL30: 1 | AO30: 0 | AP30: 999 | AQ30: 430 | AR30: 430999 | AT30: 1 | AU30: Classe di rischio 1
A31: 341864 | B31: DF03-02 | C31: Clienti che registrano elevata movimentazione in ingresso con bonifici e assegni e successiva movimentazione verso l'estero | D31: 45787 | E31: 53850 | F31: 109 | G31: 053850_109 | H31: Discovery Frodi | I31: Mai valutato | L31: 1093306674353 | M31: 20250404 | N31: G2 - Versamento assegni tratti sullo stesso intermediario | Q31: A - Avere | R31: 130000 | T31: 4916449 | U31: 8176830720 | V31: CENTRO AUTOVEICOLI S.R.L. | W31: 430 - Imprese produttive | X31: 451 - COMMERCIO DI AUTOVEICOLI | Y31: 086 - ITALIA | Z31: 1903 | AH31: 0 | AI31: 202504 | AJ31: ARCHIVIATA | AK31: 0 | AL31: 1 | AO31: 0 | AP31: 451 | AQ31: 430 | AR31: 430451 | AS31: Classe di rischio 3 | AU31: Classe di rischio 3
A32: 341861 | B32: DF03-02 | C32: Clienti che registrano elevata movimentazione in ingresso con bonifici e assegni e successiva movimentazione verso l'estero | D32: 45787 | E32: 53850 | F32: 175 | G32: 053850_175 | H32: Discovery Frodi | I32: Mai valutato | L32: 1753302203127 | M32: 20250407 | N32: G1 - Versamento assegni tratti su altro intermediario | Q32: A - Avere | R32: 29089.99 | T32: 4160138 | U32: 484200779 | V32: DE.RA.DO. SRL | W32: 430 - Imprese produttive | X32: 031 - PESCA | Y32: 086 - ITALIA | Z32: 739 | AH32: 0 | AI32: 202504 | AJ32: IN VALUTAZIONE RPR | AK32: 1 | AL32: 1 | AM32: 4160138 | AN32: 1 | AO32: 0 | AP32: 999 | AQ32: 430 | AR32: 430999 | AT32: 1 | AU32: Classe di rischio 1
A33: 341857 | B33: DF03-02 | C33: Clienti che registrano elevata movimentazione in ingresso con bonifici e assegni e successiva movimentazione verso l'estero | D33: 45787 | E33: 53850 | F33: 122 | G33: 053850_122 | H33: Discovery Frodi | I33: Mai valutato | L33: 1223300002128 | M33: 20250409 | N33: 48 - Bonifico in arrivo | Q33: A - Avere | R33: 32524.58 | T33: 3711207 | U33: 8825020723 | V33: EXPRIVIA S.P.A. | W33: 430 - Imprese produttive | X33: 620 - PRODUZIONE DI SOFTWARE, CONSULENZA INFORMATICA E ATTIVITÀ CONNESSE | Y33: 086 - ITALIA | Z33: 1696 | AH33: 0 | AI33: 202504 | AJ33: ARCHIVIATA DA RPR | AK33: 0 | AL33: 1 | AO33: 0 | AP33: 620 | AQ33: 430 | AR33: 430620 | AS33: Classe di rischio 3 | AU33: Classe di rischio 3
A34: 341856 | B34: DF03-02 | C34: Clienti che registrano elevata movimentazione in ingresso con bonifici e assegni e successiva movimentazione verso l'estero | D34: 45787 | E34: 53850 | F34: 122 | G34: 053850_122 | H34: Discovery Frodi | I34: Mai valutato | L34: 1223300002128 | M34: 20250409 | N34: 48 - Bonifico in arrivo | Q34: A - Avere | R34: 125998.16 | T34: 3711207 | U34: 8825020723 | V34: EXPRIVIA S.P.A. | W34: 430 - Imprese produttive | X34: 620 - PRODUZIONE DI SOFTWARE, CONSULENZA INFORMATICA E ATTIVITÀ CONNESSE | Y34: 086 - ITALIA | Z34: 1696 | AH34: 0 | AI34: 202504 | AJ34: ARCHIVIATA DA RPR | AK34: 0 | AL34: 1 | AO34: 0 | AP34: 620 | AQ34: 430 | AR34: 430620 | AS34: Classe di rischio 3 | AU34: Classe di rischio 3
A35: 341851 | B35: DF03-02 | C35: Clienti che registrano elevata movimentazione in ingresso con bonifici e assegni e successiva movimentazione verso l'estero | D35: 45787 | E35: 53850 | F35: 191 | G35: 053850_191 | H35: Discovery Frodi | I35: Mai valutato | L35: 1913300068122 | M35: 20250429 | N35: 48 - Bonifico in arrivo | Q35: A - Avere | R35: 30000 | T35: 4918280 | U35: 3480410798 | V35: OLEARIA CHIERA S.R.L. | W35: 430 - Imprese produttive | X35: 104 - PRODUZIONE DI OLI E GRASSI VEGETALI E ANIMALI | Y35: 086 - ITALIA | AH35: 0 | AI35: 202504 | AJ35: ARCHIVIATA | AK35: 0 | AL35: 1 | AO35: 0 | AP35: 999 | AQ35: 430 | AR35: 430999 | AT35: 1 | AU35: Classe di rischio 1
A36: 341846 | B36: DF03-02 | C36: Clienti che registrano elevata movimentazione in ingresso con bonifici e assegni e successiva movimentazione verso l'estero | D36: 45787 | E36: 53850 | F36: 122 | G36: 053850_122 | H36: Discovery Frodi | I36: Mai valutato | L36: 1223300001682 | M36: 20250409 | N36: 48 - Bonifico in arrivo | Q36: A - Avere | R36: 119376.46 | T36: 3711207 | U36: 8825020723 | V36: EXPRIVIA S.P.A. | W36: 430 - Imprese produttive | X36: 620 - PRODUZIONE DI SOFTWARE, CONSULENZA INFORMATICA E ATTIVITÀ CONNESSE | Y36: 086 - ITALIA | Z36: 1696 | AH36: 0 | AI36: 202504 | AJ36: ARCHIVIATA DA RPR | AK36: 0 | AL36: 1 | AO36: 0 | AP36: 620 | AQ36: 430 | AR36: 430620 | AS36: Classe di rischio 3 | AU36: Classe di rischio 3
A37: 341837 | B37: DF03-02 | C37: Clienti che registrano elevata movimentazione in ingresso con bonifici e assegni e successiva movimentazione verso l'estero | D37: 45787 | E37: 53850 | F37: 132 | G37: 053850_132 | H37: Discovery Frodi | I37: Mai valutato | L37: 1323300003714 | M37: 20250407 | N37: 48 - Bonifico in arrivo | Q37: A - Avere | R37: 28274 | T37: 3724103 | U37: 2178850760 | V37: DESMA SOCIETA' A RESPONSABILITA' LIMITATA SEMPLIFICATA | W37: 430 - Imprese produttive | X37: 522 - ATTIVITÀ DI SUPPORTO AI TRASPORTI | Y37: 086 - ITALIA | Z37: 823 | AH37: 0 | AI37: 202504 | AJ37: ARCHIVIATA DA RPR | AK37: 0 | AL37: 1 | AO37: 0 | AP37: 999 | AQ37: 430 | AR37: 430999 | AT37: 1 | AU37: Classe di rischio 1
A38: 341832 | B38: DF03-02 | C38: Clienti che registrano elevata movimentazione in ingresso con bonifici e assegni e successiva movimentazione verso l'estero | D38: 45787 | E38: 53850 | F38: 122 | G38: 053850_122 | H38: Discovery Frodi | I38: Mai valutato | L38: 1223300002128 | M38: 20250410 | N38: 48 - Bonifico in arrivo | Q38: A - Avere | R38: 39297.59 | T38: 3711207 | U38: 8825020723 | V38: EXPRIVIA S.P.A. | W38: 430 - Imprese produttive | X38: 620 - PRODUZIONE DI SOFTWARE, CONSULENZA INFORMATICA E ATTIVITÀ CONNESSE | Y38: 086 - ITALIA | Z38: 1696 | AH38: 0 | AI38: 202504 | AJ38: ARCHIVIATA DA RPR | AK38: 0 | AL38: 1 | AO38: 0 | AP38: 620 | AQ38: 430 | AR38: 430620 | AS38: Classe di rischio 3 | AU38: Classe di rischio 3
A39: 341819 | B39: DF03-02 | C39: Clienti che registrano elevata movimentazione in ingresso con bonifici e assegni e successiva movimentazione verso l'estero | D39: 45787 | E39: 53850 | F39: 153 | G39: 053850_153 | H39: Discovery Frodi | I39: Mai valutato | L39: 1533300663957 | M39: 20250414 | N39: 48 - Bonifico in arrivo | Q39: A - Avere | R39: 48960.38 | T39: 3720623 | U39: 3067020648 | V39: E F ALLEVA S.R.L. | W39: 430 - Imprese produttive | X39: 462 - COMMERCIO ALL'INGROSSO DI MATERIE PRIME AGRICOLE E DI ANIMALI VIVI | Y39: 086 - ITALIA | Z39: 1055 | AH39: 0 | AI39: 202504 | AJ39: ARCHIVIATA | AK39: 0 | AL39: 1 | AO39: 0 | AP39: 462 | AQ39: 430 | AR39: 430462 | AS39: Classe di rischio 3 | AU39: Classe di rischio 3
A40: 341814 | B40: DF03-02 | C40: Clienti che registrano elevata movimentazione in ingresso con bonifici e assegni e successiva movimentazione verso l'estero | D40: 45787 | E40: 53850 | F40: 122 | G40: 053850_122 | H40: Discovery Frodi | I40: Mai valutato | L40: 1223300001682 | M40: 20250428 | N40: 48 - Bonifico in arrivo | Q40: A - Avere | R40: 83000 | T40: 3711207 | U40: 8825020723 | V40: EXPRIVIA S.P.A. | W40: 430 - Imprese produttive | X40: 620 - PRODUZIONE DI SOFTWARE, CONSULENZA INFORMATICA E ATTIVITÀ CONNESSE | Y40: 086 - ITALIA | Z40: 1696 | AH40: 0 | AI40: 202504 | AJ40: ARCHIVIATA DA RPR | AK40: 0 | AL40: 1 | AO40: 0 | AP40: 620 | AQ40: 430 | AR40: 430620 | AS40: Classe di rischio 3 | AU40: Classe di rischio 3
A41: 341808 | B41: DF03-02 | C41: Clienti che registrano elevata movimentazione in ingresso con bonifici e assegni e successiva movimentazione verso l'estero | D41: 45787 | E41: 53850 | F41: 122 | G41: 053850_122 | H41: Discovery Frodi | I41: Mai valutato | L41: 1223300001682 | M41: 20250410 | N41: 48 - Bonifico in arrivo | Q41: A - Avere | R41: 35000 | T41: 3711207 | U41: 8825020723 | V41: EXPRIVIA S.P.A. | W41: 430 - Imprese produttive | X41: 620 - PRODUZIONE DI SOFTWARE, CONSULENZA INFORMATICA E ATTIVITÀ CONNESSE | Y41: 086 - ITALIA | Z41: 1696 | AH41: 0 | AI41: 202504 | AJ41: ARCHIVIATA DA RPR | AK41: 0 | AL41: 1 | AO41: 0 | AP41: 620 | AQ41: 430 | AR41: 430620 | AS41: Classe di rischio 3 | AU41: Classe di rischio 3
A42: 341805 | B42: DF03-02 | C42: Clienti che registrano elevata movimentazione in ingresso con bonifici e assegni e successiva movimentazione verso l'estero | D42: 45787 | E42: 53850 | F42: 153 | G42: 053850_153 | H42: Discovery Frodi | I42: Mai valutato | L42: 1533300663959 | M42: 20250428 | N42: 48 - Bonifico in arrivo | Q42: A - Avere | R42: 45100 | T42: 3721097 | U42: 10391641213 | V42: COMBES S.R.L. | W42: 430 - Imprese produttive | X42: 462 - COMMERCIO ALL'INGROSSO DI MATERIE PRIME AGRICOLE E DI ANIMALI VIVI | Y42: 086 - ITALIA | Z42: 1237 | AH42: 0 | AI42: 202504 | AJ42: ARCHIVIATA | AK42: 0 | AL42: 1 | AO42: 0 | AP42: 462 | AQ42: 430 | AR42: 430462 | AS42: Classe di rischio 3 | AU42: Classe di rischio 3
A43: 341797 | B43: DF03-02 | C43: Clienti che registrano elevata movimentazione in ingresso con bonifici e assegni e successiva movimentazione verso l'estero | D43: 45787 | E43: 53850 | F43: 148 | G43: 053850_148 | H43: Discovery Frodi | I43: Mai valutato | L43: 1483300006067 | M43: 20250414 | N43: 48 - Bonifico in arrivo | Q43: A - Avere | R43: 40000 | T43: 3737044 | U43: 15554071009 | V43: PVM SRL | W43: 430 - Imprese produttive | X43: 522 - ATTIVITÀ DI SUPPORTO AI TRASPORTI | Y43: 086 - ITALIA | Z43: 1196 | AH43: 0 | AI43: 202504 | AJ43: ARCHIVIATA | AK43: 0 | AL43: 1 | AO43: 0 | AP43: 999 | AQ43: 430 | AR43: 430999 | AT43: 1 | AU43: Classe di rischio 1
A44: 341793 | B44: DF03-02 | C44: Clienti che registrano elevata movimentazione in ingresso con bonifici e assegni e successiva movimentazione verso l'estero | D44: 45787 | E44: 53850 | F44: 141 | G44: 053850_141 | H44: Discovery Frodi | I44: Mai valutato | L44: 1413300003985 | M44: 20250403 | N44: 48 - Bonifico in arrivo | Q44: A - Avere | R44: 343671.11 | T44: 4996689 | U44: 80010360750 | V44: UNIONE SPORTIVA LECCE S.P.A. | W44: 430 - Imprese produttive | X44: 931 - ATTIVITÀ SPORTIVE | Y44: 086 - ITALIA | Z44: 1940 | AH44: 0 | AI44: 202504 | AJ44: ARCHIVIATA | AK44: 0 | AL44: 1 | AO44: 0 | AP44: 931 | AQ44: 430 | AR44: 430931 | AS44: Classe di rischio 3 | AU44: Classe di rischio 3
A45: 341792 | B45: DF03-02 | C45: Clienti che registrano elevata movimentazione in ingresso con bonifici e assegni e successiva movimentazione verso l'estero | D45: 45787 | E45: 53850 | F45: 104 | G45: 053850_104 | H45: Discovery Frodi | I45: Mai valutato | L45: 1043304173550 | M45: 20250423 | N45: G1 - Versamento assegni tratti su altro intermediario | Q45: A - Avere | R45: 26128.01 | T45: 417355 | U45: 374690725 | V45: MARTINCART SRL | W45: 430 - Imprese produttive | X45: 464 - COMMERCIO ALL'INGROSSO DI BENI DI CONSUMO FINALE | Y45: 086 - ITALIA | Z45: 1919 | AH45: 0 | AI45: 202504 | AJ45: ARCHIVIATA DA RPR | AK45: 0 | AL45: 1 | AM45: 417355 | AN45: 1 | AO45: 0 | AP45: 464 | AQ45: 430 | AR45: 430464 | AS45: Classe di rischio 4 | AU45: Classe di rischio 4
A46: 341790 | B46: DF03-02 | C46: Clienti che registrano elevata movimentazione in ingresso con bonifici e assegni e successiva movimentazione verso l'estero | D46: 45787 | E46: 53850 | F46: 148 | G46: 053850_148 | H46: Discovery Frodi | I46: Mai valutato | L46: 1483300004308 | M46: 20250424 | N46: 48 - Bonifico in arrivo | Q46: A - Avere | R46: 40024.2 | T46: 4898674 | U46: 2936580642 | V46: GLOBAL TRADING S.R.L.S. | W46: 430 - Imprese produttive | X46: 467 - COMMERCIO ALL'INGROSSO SPECIALIZZATO DI ALTRI PRODOTTI | Y46: 086 - ITALIA | Z46: 1063 | AH46: 0 | AI46: 202504 | AJ46: ARCHIVIATA | AK46: 0 | AL46: 1 | AO46: 0 | AP46: 999 | AQ46: 430 | AR46: 430999 | AT46: 1 | AU46: Classe di rischio 1
A47: 341789 | B47: DF03-02 | C47: Clienti che registrano elevata movimentazione in ingresso con bonifici e assegni e successiva movimentazione verso l'estero | D47: 45787 | E47: 53850 | F47: 105 | G47: 053850_105 | H47: Discovery Frodi | I47: Mai valutato | L47: 1053306287103 | M47: 20250409 | N47: 48 - Bonifico in arrivo | Q47: A - Avere | R47: 44869.06 | T47: 4263360 | U47: 5982300724 | V47: CAPURSO AZIENDA CASEARIA S.R.L. | W47: 430 - Imprese produttive | X47: 105 - INDUSTRIA LATTIERO-CASEARIA | Y47: 086 - ITALIA | Z47: 1058 | AH47: 0 | AI47: 202504 | AJ47: ARCHIVIATA | AK47: 0 | AL47: 1 | AO47: 0 | AP47: 999 | AQ47: 430 | AR47: 430999 | AT47: 1 | AU47: Classe di rischio 1
A48: 341779 | B48: DF03-02 | C48: Clienti che registrano elevata movimentazione in ingresso con bonifici e assegni e successiva movimentazione verso l'estero | D48: 45787 | E48: 53850 | F48: 122 | G48: 053850_122 | H48: Discovery Frodi | I48: Mai valutato | L48: 1223300002128 | M48: 20250409 | N48: 48 - Bonifico in arrivo | Q48: A - Avere | R48: 45226.66 | T48: 3711207 | U48: 8825020723 | V48: EXPRIVIA S.P.A. | W48: 430 - Imprese produttive | X48: 620 - PRODUZIONE DI SOFTWARE, CONSULENZA INFORMATICA E ATTIVITÀ CONNESSE | Y48: 086 - ITALIA | Z48: 1696 | AH48: 0 | AI48: 202504 | AJ48: ARCHIVIATA DA RPR | AK48: 0 | AL48: 1 | AO48: 0 | AP48: 620 | AQ48: 430 | AR48: 430620 | AS48: Classe di rischio 3 | AU48: Classe di rischio 3
A49: 341778 | B49: DF03-02 | C49: Clienti che registrano elevata movimentazione in ingresso con bonifici e assegni e successiva movimentazione verso l'estero | D49: 45787 | E49: 53850 | F49: 122 | G49: 053850_122 | H49: Discovery Frodi | I49: Mai valutato | L49: 1223300001682 | M49: 20250429 | N49: 48 - Bonifico in arrivo | Q49: A - Avere | R49: 596435.75 | T49: 3711207 | U49: 8825020723 | V49: EXPRIVIA S.P.A. | W49: 430 - Imprese produttive | X49: 620 - PRODUZIONE DI SOFTWARE, CONSULENZA INFORMATICA E ATTIVITÀ CONNESSE | Y49: 086 - ITALIA | Z49: 1696 | AH49: 0 | AI49: 202504 | AJ49: ARCHIVIATA DA RPR | AK49: 0 | AL49: 1 | AO49: 0 | AP49: 620 | AQ49: 430 | AR49: 430620 | AS49: Classe di rischio 3 | AU49: Classe di rischio 3
A50: 341777 | B50: DF03-02 | C50: Clienti che registrano elevata movimentazione in ingresso con bonifici e assegni e successiva movimentazione verso l'estero | D50: 45787 | E50: 53850 | F50: 161 | G50: 053850_161 | H50: Discovery Frodi | I50: Mai valutato | L50: 1613300032599 | M50: 20250430 | N50: 48 - Bonifico in arrivo | Q50: A - Avere | R50: 75000 | T50: 4845705 | U50: 6832140724 | V50: ZOOTECNICA S.R.L. - SOCIETA' AGRICOLA | W50: 430 - Imprese produttive | X50: 014 - ALLEVAMENTO DI ANIMALI | Y50: 086 - ITALIA | Z50: 1903 | AH50: 0 | AI50: 202504 | AJ50: IN CARICO AL RESPONSABILE | AK50: 1 | AL50: 1 | AO50: 0 | AP50: 999 | AQ50: 430 | AR50: 430999 | AT50: 1 | AU50: Classe di rischio 1
A51: 341773 | B51: DF03-02 | C51: Clienti che registrano elevata movimentazione in ingresso con bonifici e assegni e successiva movimentazione verso l'estero | D51: 45787 | E51: 53850 | F51: 122 | G51: 053850_122 | H51: Discovery Frodi | I51: Mai valutato | L51: 1223300001682 | M51: 20250428 | N51: 48 - Bonifico in arrivo | Q51: A - Avere | R51: 411478.8 | T51: 3711207 | U51: 8825020723 | V51: EXPRIVIA S.P.A. | W51: 430 - Imprese produttive | X51: 620 - PRODUZIONE DI SOFTWARE, CONSULENZA INFORMATICA E ATTIVITÀ CONNESSE | Y51: 086 - ITALIA | Z51: 1696 | AH51: 0 | AI51: 202504 | AJ51: ARCHIVIATA DA RPR | AK51: 0 | AL51: 1 | AO51: 0 | AP51: 620 | AQ51: 430 | AR51: 430620 | AS51: Classe di rischio 3 | AU51: Classe di rischio 3
A52: 341767 | B52: DF03-02 | C52: Clienti che registrano elevata movimentazione in ingresso con bonifici e assegni e successiva movimentazione verso l'estero | D52: 45787 | E52: 53850 | F52: 148 | G52: 053850_148 | H52: Discovery Frodi | I52: Mai valutato | L52: 1483300004308 | M52: 20250401 | N52: 48 - Bonifico in arrivo | Q52: A - Avere | R52: 41000 | T52: 4898674 | U52: 2936580642 | V52: GLOBAL TRADING S.R.L.S. | W52: 430 - Imprese produttive | X52: 467 - COMMERCIO ALL'INGROSSO SPECIALIZZATO DI ALTRI PRODOTTI | Y52: 086 - ITALIA | Z52: 1063 | AH52: 0 | AI52: 202504 | AJ52: ARCHIVIATA | AK52: 0 | AL52: 1 | AO52: 0 | AP52: 999 | AQ52: 430 | AR52: 430999 | AT52: 1 | AU52: Classe di rischio 1
A53: 341762 | B53: DF03-02 | C53: Clienti che registrano elevata movimentazione in ingresso con bonifici e assegni e successiva movimentazione verso l'estero | D53: 45787 | E53: 53850 | F53: 148 | G53: 053850_148 | H53: Discovery Frodi | I53: Mai valutato | L53: 1483300004308 | M53: 20250428 | N53: 48 - Bonifico in arrivo | Q53: A - Avere | R53: 29830 | T53: 4898674 | U53: 2936580642 | V53: GLOBAL TRADING S.R.L.S. | W53: 430 - Imprese produttive | X53: 467 - COMMERCIO ALL'INGROSSO SPECIALIZZATO DI ALTRI PRODOTTI | Y53: 086 - ITALIA | Z53: 1063 | AH53: 0 | AI53: 202504 | AJ53: ARCHIVIATA | AK53: 0 | AL53: 1 | AO53: 0 | AP53: 999 | AQ53: 430 | AR53: 430999 | AT53: 1 | AU53: Classe di rischio 1
A54: 341760 | B54: DF03-02 | C54: Clienti che registrano elevata movimentazione in ingresso con bonifici e assegni e successiva movimentazione verso l'estero | D54: 45787 | E54: 53850 | F54: 148 | G54: 053850_148 | H54: Discovery Frodi | I54: Mai valutato | L54: 1483300004308 | M54: 20250414 | N54: 48 - Bonifico in arrivo | Q54: A - Avere | R54: 41996.84 | T54: 4898674 | U54: 2936580642 | V54: GLOBAL TRADING S.R.L.S. | W54: 430 - Imprese produttive | X54: 467 - COMMERCIO ALL'INGROSSO SPECIALIZZATO DI ALTRI PRODOTTI | Y54: 086 - ITALIA | Z54: 1063 | AH54: 0 | AI54: 202504 | AJ54: ARCHIVIATA | AK54: 0 | AL54: 1 | AO54: 0 | AP54: 999 | AQ54: 430 | AR54: 430999 | AT54: 1 | AU54: Classe di rischio 1
A55: 341748 | B55: DF03-02 | C55: Clienti che registrano elevata movimentazione in ingresso con bonifici e assegni e successiva movimentazione verso l'estero | D55: 45787 | E55: 53850 | F55: 103 | G55: 053850_103 | H55: Discovery Frodi | I55: Mai valutato | L55: 1033306967935 | M55: 20250415 | N55: G1 - Versamento assegni tratti su altro intermediario | Q55: A - Avere | R55: 58518.85 | T55: 155052 | U55: 2563580725 | V55: ITALSUD CARBURANTI SRL | W55: 430 - Imprese produttive | X55: 467 - COMMERCIO ALL'INGROSSO SPECIALIZZATO DI ALTRI PRODOTTI | Y55: 086 - ITALIA | Z55: 1926 | AH55: 0 | AI55: 202504 | AJ55: ARCHIVIATA | AK55: 0 | AL55: 1 | AM55: 155052 | AN55: 1 | AO55: 0 | AP55: 999 | AQ55: 430 | AR55: 430999 | AT55: 1 | AU55: Classe di rischio 1
A56: 341735 | B56: DF03-02 | C56: Clienti che registrano elevata movimentazione in ingresso con bonifici e assegni e successiva movimentazione verso l'estero | D56: 45787 | E56: 53850 | F56: 145 | G56: 053850_145 | H56: Discovery Frodi | I56: Mai valutato | L56: 1453300003997 | M56: 20250402 | N56: 48 - Bonifico in arrivo | Q56: A - Avere | R56: 31678.84 | T56: 3737833 | U56: 10171711210 | V56: PUNTO DISTRIBUZIONE SRL | W56: 430 - Imprese produttive | X56: 463 - COMMERCIO ALL'INGROSSO DI PRODOTTI ALIMENTARI, BEVANDE E PRODOTTI DEL TABACCO | Y56: 086 - ITALIA | AH56: 0 | AI56: 202504 | AJ56: ARCHIVIATA | AK56: 0 | AL56: 1 | AO56: 0 | AP56: 463 | AQ56: 430 | AR56: 430463 | AS56: Classe di rischio 3 | AU56: Classe di rischio 3
A57: 341725 | B57: DF03-02 | C57: Clienti che registrano elevata movimentazione in ingresso con bonifici e assegni e successiva movimentazione verso l'estero | D57: 45787 | E57: 53850 | F57: 154 | G57: 053850_154 | H57: Discovery Frodi | I57: Mai valutato | L57: 1543300004860 | M57: 20250414 | N57: 48 - Bonifico in arrivo | Q57: A - Avere | R57: 36019.83 | T57: 3715569 | U57: 5424970654 | V57: SQUISITEZZE SRL | W57: 430 - Imprese produttive | X57: 472 - COMMERCIO AL DETTAGLIO DI PRODOTTI ALIMENTARI, BEVANDE E TABACCO IN ESERCIZI SPECIALIZZATI | Y57: 086 - ITALIA | Z57: 741 | AH57: 0 | AI57: 202504 | AJ57: ARCHIVIATA | AK57: 0 | AL57: 1 | AM57: 3715569 | AN57: 1 | AO57: 0 | AP57: 999 | AQ57: 430 | AR57: 430999 | AT57: 1 | AU57: Classe di rischio 1
A58: 341716 | B58: DF03-02 | C58: Clienti che registrano elevata movimentazione in ingresso con bonifici e assegni e successiva movimentazione verso l'estero | D58: 45787 | E58: 53850 | F58: 132 | G58: 053850_132 | H58: Discovery Frodi | I58: Mai valutato | L58: 1323300003714 | M58: 20250415 | N58: 48 - Bonifico in arrivo | Q58: A - Avere | R58: 26100 | T58: 3724103 | U58: 2178850760 | V58: DESMA SOCIETA' A RESPONSABILITA' LIMITATA SEMPLIFICATA | W58: 430 - Imprese produttive | X58: 522 - ATTIVITÀ DI SUPPORTO AI TRASPORTI | Y58: 086 - ITALIA | Z58: 823 | AH58: 0 | AI58: 202504 | AJ58: ARCHIVIATA DA RPR | AK58: 0 | AL58: 1 | AO58: 0 | AP58: 999 | AQ58: 430 | AR58: 430999 | AT58: 1 | AU58: Classe di rischio 1
A59: 341708 | B59: DF03-02 | C59: Clienti che registrano elevata movimentazione in ingresso con bonifici e assegni e successiva movimentazione verso l'estero | D59: 45787 | E59: 53850 | F59: 268 | G59: 053850_268 | H59: Discovery Frodi | I59: Mai valutato | L59: 2683300010038 | M59: 20250403 | N59: 48 - Bonifico in arrivo | Q59: A - Avere | R59: 376696.32 | T59: 1604219 | U59: 952850790 | V59: SABOLIO SRL | W59: 430 - Imprese produttive | X59: 104 - PRODUZIONE DI OLI E GRASSI VEGETALI E ANIMALI | Y59: 086 - ITALIA | Z59: 1627 | AH59: 0 | AI59: 202504 | AJ59: IN VALUTAZIONE RPR | AK59: 1 | AL59: 1 | AO59: 0 | AP59: 999 | AQ59: 430 | AR59: 430999 | AT59: 1 | AU59: Classe di rischio 1
A60: 341696 | B60: DF03-02 | C60: Clienti che registrano elevata movimentazione in ingresso con bonifici e assegni e successiva movimentazione verso l'estero | D60: 45787 | E60: 53850 | F60: 104 | G60: 053850_104 | H60: Discovery Frodi | I60: Mai valutato | L60: 1043309503913 | M60: 20250417 | N60: 48 - Bonifico in arrivo | Q60: A - Avere | R60: 95257.19 | T60: 424944 | U60: 3454860721 | V60: CO.BE.CA. S.R.L. | W60: 430 - Imprese produttive | X60: 463 - COMMERCIO ALL'INGROSSO DI PRODOTTI ALIMENTARI, BEVANDE E PRODOTTI DEL TABACCO | Y60: 086 - ITALIA | Z60: 1696 | AH60: 0 | AI60: 202504 | AJ60: IN CARICO AL GESTORE | AK60: 1 | AL60: 1 | AO60: 0 | AP60: 463 | AQ60: 430 | AR60: 430463 | AS60: Classe di rischio 3 | AU60: Classe di rischio 3
A61: 341692 | B61: DF03-02 | C61: Clienti che registrano elevata movimentazione in ingresso con bonifici e assegni e successiva movimentazione verso l'estero | D61: 45787 | E61: 53850 | F61: 153 | G61: 053850_153 | H61: Discovery Frodi | I61: Mai valutato | L61: 1533300663959 | M61: 20250407 | N61: 48 - Bonifico in arrivo | Q61: A - Avere | R61: 30000 | T61: 3721097 | U61: 10391641213 | V61: COMBES S.R.L. | W61: 430 - Imprese produttive | X61: 462 - COMMERCIO ALL'INGROSSO DI MATERIE PRIME AGRICOLE E DI ANIMALI VIVI | Y61: 086 - ITALIA | Z61: 1237 | AH61: 0 | AI61: 202504 | AJ61: ARCHIVIATA | AK61: 0 | AL61: 1 | AO61: 0 | AP61: 462 | AQ61: 430 | AR61: 430462 | AS61: Classe di rischio 3 | AU61: Classe di rischio 3
A62: 341682 | B62: DF03-02 | C62: Clienti che registrano elevata movimentazione in ingresso con bonifici e assegni e successiva movimentazione verso l'estero | D62: 45787 | E62: 53850 | F62: 154 | G62: 053850_154 | H62: Discovery Frodi | I62: Mai valutato | L62: 1543300004860 | M62: 20250424 | N62: 48 - Bonifico in arrivo | Q62: A - Avere | R62: 39805.05 | T62: 3715569 | U62: 5424970654 | V62: SQUISITEZZE SRL | W62: 430 - Imprese produttive | X62: 472 - COMMERCIO AL DETTAGLIO DI PRODOTTI ALIMENTARI, BEVANDE E TABACCO IN ESERCIZI SPECIALIZZATI | Y62: 086 - ITALIA | Z62: 741 | AH62: 0 | AI62: 202504 | AJ62: ARCHIVIATA | AK62: 0 | AL62: 1 | AM62: 3715569 | AN62: 1 | AO62: 0 | AP62: 999 | AQ62: 430 | AR62: 430999 | AT62: 1 | AU62: Classe di rischio 1
A63: 341676 | B63: DF03-02 | C63: Clienti che registrano elevata movimentazione in ingresso con bonifici e assegni e successiva movimentazione verso l'estero | D63: 45787 | E63: 53850 | F63: 153 | G63: 053850_153 | H63: Discovery Frodi | I63: Mai valutato | L63: 1533300663957 | M63: 20250407 | N63: 48 - Bonifico in arrivo | Q63: A - Avere | R63: 49723.65 | T63: 3720623 | U63: 3067020648 | V63: E F ALLEVA S.R.L. | W63: 430 - Imprese produttive | X63: 462 - COMMERCIO ALL'INGROSSO DI MATERIE PRIME AGRICOLE E DI ANIMALI VIVI | Y63: 086 - ITALIA | Z63: 1055 | AH63: 0 | AI63: 202504 | AJ63: ARCHIVIATA | AK63: 0 | AL63: 1 | AO63: 0 | AP63: 462 | AQ63: 430 | AR63: 430462 | AS63: Classe di rischio 3 | AU63: Classe di rischio 3
A64: 341674 | B64: DF03-02 | C64: Clienti che registrano elevata movimentazione in ingresso con bonifici e assegni e successiva movimentazione verso l'estero | D64: 45787 | E64: 53850 | F64: 122 | G64: 053850_122 | H64: Discovery Frodi | I64: Mai valutato | L64: 1223300002128 | M64: 20250409 | N64: 48 - Bonifico in arrivo | Q64: A - Avere | R64: 27000.75 | T64: 3711207 | U64: 8825020723 | V64: EXPRIVIA S.P.A. | W64: 430 - Imprese produttive | X64: 620 - PRODUZIONE DI SOFTWARE, CONSULENZA INFORMATICA E ATTIVITÀ CONNESSE | Y64: 086 - ITALIA | Z64: 1696 | AH64: 0 | AI64: 202504 | AJ64: ARCHIVIATA DA RPR | AK64: 0 | AL64: 1 | AO64: 0 | AP64: 620 | AQ64: 430 | AR64: 430620 | AS64: Classe di rischio 3 | AU64: Classe di rischio 3
A65: 341657 | B65: DF03-02 | C65: Clienti che registrano elevata movimentazione in ingresso con bonifici e assegni e successiva movimentazione verso l'estero | D65: 45787 | E65: 53850 | F65: 109 | G65: 053850_109 | H65: Discovery Frodi | I65: Mai valutato | L65: 1093306674353 | M65: 20250414 | N65: 48 - Bonifico in arrivo | Q65: A - Avere | R65: 305660.78 | T65: 4916449 | U65: 8176830720 | V65: CENTRO AUTOVEICOLI S.R.L. | W65: 430 - Imprese produttive | X65: 451 - COMMERCIO DI AUTOVEICOLI | Y65: 086 - ITALIA | Z65: 1903 | AH65: 0 | AI65: 202504 | AJ65: ARCHIVIATA | AK65: 0 | AL65: 1 | AO65: 0 | AP65: 451 | AQ65: 430 | AR65: 430451 | AS65: Classe di rischio 3 | AU65: Classe di rischio 3
A66: 341638 | B66: DF03-02 | C66: Clienti che registrano elevata movimentazione in ingresso con bonifici e assegni e successiva movimentazione verso l'estero | D66: 45787 | E66: 53850 | F66: 191 | G66: 053850_191 | H66: Discovery Frodi | I66: Mai valutato | L66: 1913300068122 | M66: 20250407 | N66: 48 - Bonifico in arrivo | Q66: A - Avere | R66: 30000 | T66: 4918280 | U66: 3480410798 | V66: OLEARIA CHIERA S.R.L. | W66: 430 - Imprese produttive | X66: 104 - PRODUZIONE DI OLI E GRASSI VEGETALI E ANIMALI | Y66: 086 - ITALIA | AH66: 0 | AI66: 202504 | AJ66: ARCHIVIATA | AK66: 0 | AL66: 1 | AO66: 0 | AP66: 999 | AQ66: 430 | AR66: 430999 | AT66: 1 | AU66: Classe di rischio 1
A67: 341621 | B67: DF03-02 | C67: Clienti che registrano elevata movimentazione in ingresso con bonifici e assegni e successiva movimentazione verso l'estero | D67: 45787 | E67: 53850 | F67: 268 | G67: 053850_268 | H67: Discovery Frodi | I67: Mai valutato | L67: 2683300000171 | M67: 20250416 | N67: 48 - Bonifico in arrivo | Q67: A - Avere | R67: 150000 | T67: 1606212 | U67: 1495180794 | V67: INTERTONNO SRL | W67: 430 - Imprese produttive | X67: 102 - LAVORAZIONE E CONSERVAZIONE DI PESCE, CROSTACEI E MOLLUSCHI | Y67: 086 - ITALIA | Z67: 1627 | AH67: 0 | AI67: 202504 | AJ67: IN VALUTAZIONE RPR | AK67: 1 | AL67: 1 | AO67: 0 | AP67: 999 | AQ67: 430 | AR67: 430999 | AT67: 1 | AU67: Classe di rischio 1
A68: 341600 | B68: DF03-02 | C68: Clienti che registrano elevata movimentazione in ingresso con bonifici e assegni e successiva movimentazione verso l'estero | D68: 45787 | E68: 53850 | F68: 141 | G68: 053850_141 | H68: Discovery Frodi | I68: Mai valutato | L68: 1413300004311 | M68: 20250416 | N68: 48 - Bonifico in arrivo | Q68: A - Avere | R68: 598090.82 | T68: 3737110 | U68: 5366430758 | V68: AP MONTAGGI S.R.L. | W68: 430 - Imprese produttive | X68: 433 - COMPLETAMENTO E FINITURA DI EDIFICI | Y68: 086 - ITALIA | Z68: 1627 | AH68: 0 | AI68: 202504 | AJ68: ARCHIVIATA DA RPR | AK68: 0 | AL68: 1 | AO68: 0 | AP68: 433 | AQ68: 430 | AR68: 430433 | AS68: Classe di rischio 3 | AU68: Classe di rischio 3
A69: 341588 | B69: DF03-02 | C69: Clienti che registrano elevata movimentazione in ingresso con bonifici e assegni e successiva movimentazione verso l'estero | D69: 45787 | E69: 53850 | F69: 148 | G69: 053850_148 | H69: Discovery Frodi | I69: Mai valutato | L69: 1483300004308 | M69: 20250411 | N69: 48 - Bonifico in arrivo | Q69: A - Avere | R69: 61293.66 | T69: 4898674 | U69: 2936580642 | V69: GLOBAL TRADING S.R.L.S. | W69: 430 - Imprese produttive | X69: 467 - COMMERCIO ALL'INGROSSO SPECIALIZZATO DI ALTRI PRODOTTI | Y69: 086 - ITALIA | Z69: 1063 | AH69: 0 | AI69: 202504 | AJ69: ARCHIVIATA | AK69: 0 | AL69: 1 | AO69: 0 | AP69: 999 | AQ69: 430 | AR69: 430999 | AT69: 1 | AU69: Classe di rischio 1
A70: 341587 | B70: DF03-02 | C70: Clienti che registrano elevata movimentazione in ingresso con bonifici e assegni e successiva movimentazione verso l'estero | D70: 45787 | E70: 53850 | F70: 148 | G70: 053850_148 | H70: Discovery Frodi | I70: Mai valutato | L70: 1483300004308 | M70: 20250401 | N70: 48 - Bonifico in arrivo | Q70: A - Avere | R70: 39660 | T70: 4898674 | U70: 2936580642 | V70: GLOBAL TRADING S.R.L.S. | W70: 430 - Imprese produttive | X70: 467 - COMMERCIO ALL'INGROSSO SPECIALIZZATO DI ALTRI PRODOTTI | Y70: 086 - ITALIA | Z70: 1063 | AH70: 0 | AI70: 202504 | AJ70: ARCHIVIATA | AK70: 0 | AL70: 1 | AO70: 0 | AP70: 999 | AQ70: 430 | AR70: 430999 | AT70: 1 | AU70: Classe di rischio 1
A71: 341577 | B71: DF03-02 | C71: Clienti che registrano elevata movimentazione in ingresso con bonifici e assegni e successiva movimentazione verso l'estero | D71: 45787 | E71: 53850 | F71: 122 | G71: 053850_122 | H71: Discovery Frodi | I71: Mai valutato | L71: 1223300002128 | M71: 20250410 | N71: 48 - Bonifico in arrivo | Q71: A - Avere | R71: 41710.18 | T71: 3711207 | U71: 8825020723 | V71: EXPRIVIA S.P.A. | W71: 430 - Imprese produttive | X71: 620 - PRODUZIONE DI SOFTWARE, CONSULENZA INFORMATICA E ATTIVITÀ CONNESSE | Y71: 086 - ITALIA | Z71: 1696 | AH71: 0 | AI71: 202504 | AJ71: ARCHIVIATA DA RPR | AK71: 0 | AL71: 1 | AO71: 0 | AP71: 620 | AQ71: 430 | AR71: 430620 | AS71: Classe di rischio 3 | AU71: Classe di rischio 3
A72: 341574 | B72: DF03-02 | C72: Clienti che registrano elevata movimentazione in ingresso con bonifici e assegni e successiva movimentazione verso l'estero | D72: 45787 | E72: 53850 | F72: 122 | G72: 053850_122 | H72: Discovery Frodi | I72: Mai valutato | L72: 1223300002128 | M72: 20250409 | N72: 48 - Bonifico in arrivo | Q72: A - Avere | R72: 40001.37 | T72: 3711207 | U72: 8825020723 | V72: EXPRIVIA S.P.A. | W72: 430 - Imprese produttive | X72: 620 - PRODUZIONE DI SOFTWARE, CONSULENZA INFORMATICA E ATTIVITÀ CONNESSE | Y72: 086 - ITALIA | Z72: 1696 | AH72: 0 | AI72: 202504 | AJ72: ARCHIVIATA DA RPR | AK72: 0 | AL72: 1 | AO72: 0 | AP72: 620 | AQ72: 430 | AR72: 430620 | AS72: Classe di rischio 3 | AU72: Classe di rischio 3
A73: 341546 | B73: DF03-02 | C73: Clienti che registrano elevata movimentazione in ingresso con bonifici e assegni e successiva movimentazione verso l'estero | D73: 45787 | E73: 53850 | F73: 105 | G73: 053850_105 | H73: Discovery Frodi | I73: Mai valutato | L73: 1053306287103 | M73: 20250402 | N73: 48 - Bonifico in arrivo | Q73: A - Avere | R73: 72928.76 | T73: 4263360 | U73: 5982300724 | V73: CAPURSO AZIENDA CASEARIA S.R.L. | W73: 430 - Imprese produttive | X73: 105 - INDUSTRIA LATTIERO-CASEARIA | Y73: 086 - ITALIA | Z73: 1058 | AH73: 0 | AI73: 202504 | AJ73: ARCHIVIATA | AK73: 0 | AL73: 1 | AO73: 0 | AP73: 999 | AQ73: 430 | AR73: 430999 | AT73: 1 | AU73: Classe di rischio 1
A74: 341521 | B74: DF03-02 | C74: Clienti che registrano elevata movimentazione in ingresso con bonifici e assegni e successiva movimentazione verso l'estero | D74: 45787 | E74: 53850 | F74: 148 | G74: 053850_148 | H74: Discovery Frodi | I74: Mai valutato | L74: 1483300004308 | M74: 20250414 | N74: 48 - Bonifico in arrivo | Q74: A - Avere | R74: 37431.59 | T74: 4898674 | U74: 2936580642 | V74: GLOBAL TRADING S.R.L.S. | W74: 430 - Imprese produttive | X74: 467 - COMMERCIO ALL'INGROSSO SPECIALIZZATO DI ALTRI PRODOTTI | Y74: 086 - ITALIA | Z74: 1063 | AH74: 0 | AI74: 202504 | AJ74: ARCHIVIATA | AK74: 0 | AL74: 1 | AO74: 0 | AP74: 999 | AQ74: 430 | AR74: 430999 | AT74: 1 | AU74: Classe di rischio 1
A75: 341512 | B75: DF03-02 | C75: Clienti che registrano elevata movimentazione in ingresso con bonifici e assegni e successiva movimentazione verso l'estero | D75: 45787 | E75: 53850 | F75: 192 | G75: 053850_192 | H75: Discovery Frodi | I75: Mai valutato | L75: 1923300183163 | M75: 20250429 | N75: 48 - Bonifico in arrivo | Q75: A - Avere | R75: 26000 | T75: 4695944 | U75: VLNFNC74H03H096P | V75: VALENTE FRANCESCO | W75: 615 - Altre famiglie produttrici | X75: 691 - ATTIVITÀ DEGLI STUDI LEGALI | Y75: 086 - ITALIA | Z75: 481 | AH75: 0 | AI75: 202504 | AJ75: ARCHIVIATA | AK75: 0 | AL75: 1 | AM75: 4695944 | AN75: 1 | AO75: 0 | AP75: 999 | AQ75: 615 | AR75: 615999 | AT75: 1 | AU75: Classe di rischio 3
A76: 341481 | B76: DF03-02 | C76: Clienti che registrano elevata movimentazione in ingresso con bonifici e assegni e successiva movimentazione verso l'estero | D76: 45787 | E76: 53850 | F76: 122 | G76: 053850_122 | H76: Discovery Frodi | I76: Mai valutato | L76: 1223300002128 | M76: 20250424 | N76: 48 - Bonifico in arrivo | Q76: A - Avere | R76: 66879.04 | T76: 3711207 | U76: 8825020723 | V76: EXPRIVIA S.P.A. | W76: 430 - Imprese produttive | X76: 620 - PRODUZIONE DI SOFTWARE, CONSULENZA INFORMATICA E ATTIVITÀ CONNESSE | Y76: 086 - ITALIA | Z76: 1696 | AH76: 0 | AI76: 202504 | AJ76: ARCHIVIATA DA RPR | AK76: 0 | AL76: 1 | AO76: 0 | AP76: 620 | AQ76: 430 | AR76: 430620 | AS76: Classe di rischio 3 | AU76: Classe di rischio 3
A77: 341468 | B77: DF03-02 | C77: Clienti che registrano elevata movimentazione in ingresso con bonifici e assegni e successiva movimentazione verso l'estero | D77: 45787 | E77: 53850 | F77: 122 | G77: 053850_122 | H77: Discovery Frodi | I77: Mai valutato | L77: 1223300002128 | M77: 20250428 | N77: 48 - Bonifico in arrivo | Q77: A - Avere | R77: 209685.34 | T77: 3711207 | U77: 8825020723 | V77: EXPRIVIA S.P.A. | W77: 430 - Imprese produttive | X77: 620 - PRODUZIONE DI SOFTWARE, CONSULENZA INFORMATICA E ATTIVITÀ CONNESSE | Y77: 086 - ITALIA | Z77: 1696 | AH77: 0 | AI77: 202504 | AJ77: ARCHIVIATA DA RPR | AK77: 0 | AL77: 1 | AO77: 0 | AP77: 620 | AQ77: 430 | AR77: 430620 | AS77: Classe di rischio 3 | AU77: Classe di rischio 3
A78: 341456 | B78: DF03-02 | C78: Clienti che registrano elevata movimentazione in ingresso con bonifici e assegni e successiva movimentazione verso l'estero | D78: 45787 | E78: 53850 | F78: 108 | G78: 053850_108 | H78: Discovery Frodi | I78: Mai valutato | L78: 1083300011180 | M78: 20250416 | N78: G2 - Versamento assegni tratti sullo stesso intermediario | Q78: A - Avere | R78: 27135.11 | T78: 1118 | U78: 3246700722 | V78: FUSILLO SEBASTIANO S.R.L. | W78: 430 - Imprese produttive | X78: 109 - PRODUZIONE DI PRODOTTI PER L'ALIMENTAZIONE DEGLI ANIMALI | Y78: 086 - ITALIA | Z78: 1058 | AH78: 0 | AI78: 202504 | AJ78: ARCHIVIATA DA RPR | AK78: 0 | AL78: 1 | AO78: 0 | AP78: 999 | AQ78: 430 | AR78: 430999 | AT78: 1 | AU78: Classe di rischio 1
A79: 341437 | B79: DF03-02 | C79: Clienti che registrano elevata movimentazione in ingresso con bonifici e assegni e successiva movimentazione verso l'estero | D79: 45787 | E79: 53850 | F79: 122 | G79: 053850_122 | H79: Discovery Frodi | I79: Mai valutato | L79: 1223300002128 | M79: 20250409 | N79: 48 - Bonifico in arrivo | Q79: A - Avere | R79: 38500.8 | T79: 3711207 | U79: 8825020723 | V79: EXPRIVIA S.P.A. | W79: 430 - Imprese produttive | X79: 620 - PRODUZIONE DI SOFTWARE, CONSULENZA INFORMATICA E ATTIVITÀ CONNESSE | Y79: 086 - ITALIA | Z79: 1696 | AH79: 0 | AI79: 202504 | AJ79: ARCHIVIATA DA RPR | AK79: 0 | AL79: 1 | AO79: 0 | AP79: 620 | AQ79: 430 | AR79: 430620 | AS79: Classe di rischio 3 | AU79: Classe di rischio 3
A80: 341403 | B80: DF03-02 | C80: Clienti che registrano elevata movimentazione in ingresso con bonifici e assegni e successiva movimentazione verso l'estero | D80: 45787 | E80: 53850 | F80: 109 | G80: 053850_109 | H80: Discovery Frodi | I80: Mai valutato | L80: 1093306674353 | M80: 20250409 | N80: 48 - Bonifico in arrivo | Q80: A - Avere | R80: 47512.33 | T80: 4916449 | U80: 8176830720 | V80: CENTRO AUTOVEICOLI S.R.L. | W80: 430 - Imprese produttive | X80: 451 - COMMERCIO DI AUTOVEICOLI | Y80: 086 - ITALIA | Z80: 1903 | AH80: 0 | AI80: 202504 | AJ80: ARCHIVIATA | AK80: 0 | AL80: 1 | AO80: 0 | AP80: 451 | AQ80: 430 | AR80: 430451 | AS80: Classe di rischio 3 | AU80: Classe di rischio 3
A81: 341390 | B81: DF03-02 | C81: Clienti che registrano elevata movimentazione in ingresso con bonifici e assegni e successiva movimentazione verso l'estero | D81: 45787 | E81: 53850 | F81: 153 | G81: 053850_153 | H81: Discovery Frodi | I81: Mai valutato | L81: 1533300663959 | M81: 20250408 | N81: 48 - Bonifico in arrivo | Q81: A - Avere | R81: 25320.96 | T81: 3721097 | U81: 10391641213 | V81: COMBES S.R.L. | W81: 430 - Imprese produttive | X81: 462 - COMMERCIO ALL'INGROSSO DI MATERIE PRIME AGRICOLE E DI ANIMALI VIVI | Y81: 086 - ITALIA | Z81: 1237 | AH81: 0 | AI81: 202504 | AJ81: ARCHIVIATA | AK81: 0 | AL81: 1 | AO81: 0 | AP81: 462 | AQ81: 430 | AR81: 430462 | AS81: Classe di rischio 3 | AU81: Classe di rischio 3
A82: 341362 | B82: DF03-02 | C82: Clienti che registrano elevata movimentazione in ingresso con bonifici e assegni e successiva movimentazione verso l'estero | D82: 45787 | E82: 53850 | F82: 105 | G82: 053850_105 | H82: Discovery Frodi | I82: Mai valutato | L82: 1053306287103 | M82: 20250424 | N82: 48 - Bonifico in arrivo | Q82: A - Avere | R82: 450578.77 | T82: 4263360 | U82: 5982300724 | V82: CAPURSO AZIENDA CASEARIA S.R.L. | W82: 430 - Imprese produttive | X82: 105 - INDUSTRIA LATTIERO-CASEARIA | Y82: 086 - ITALIA | Z82: 1058 | AH82: 0 | AI82: 202504 | AJ82: ARCHIVIATA | AK82: 0 | AL82: 1 | AO82: 0 | AP82: 999 | AQ82: 430 | AR82: 430999 | AT82: 1 | AU82: Classe di rischio 1
A83: 341347 | B83: DF03-02 | C83: Clienti che registrano elevata movimentazione in ingresso con bonifici e assegni e successiva movimentazione verso l'estero | D83: 45787 | E83: 53850 | F83: 108 | G83: 053850_108 | H83: Discovery Frodi | I83: Mai valutato | L83: 1083300011180 | M83: 20250416 | N83: G1 - Versamento assegni tratti su altro intermediario | Q83: A - Avere | R83: 38602.86 | T83: 1118 | U83: 3246700722 | V83: FUSILLO SEBASTIANO S.R.L. | W83: 430 - Imprese produttive | X83: 109 - PRODUZIONE DI PRODOTTI PER L'ALIMENTAZIONE DEGLI ANIMALI | Y83: 086 - ITALIA | Z83: 1058 | AH83: 0 | AI83: 202504 | AJ83: ARCHIVIATA DA RPR | AK83: 0 | AL83: 1 | AO83: 0 | AP83: 999 | AQ83: 430 | AR83: 430999 | AT83: 1 | AU83: Classe di rischio 1
A84: 341336 | B84: DF03-02 | C84: Clienti che registrano elevata movimentazione in ingresso con bonifici e assegni e successiva movimentazione verso l'estero | D84: 45787 | E84: 53850 | F84: 108 | G84: 053850_108 | H84: Discovery Frodi | I84: Mai valutato | L84: 1083300011180 | M84: 20250428 | N84: G1 - Versamento assegni tratti su altro intermediario | Q84: A - Avere | R84: 61078.23 | T84: 1118 | U84: 3246700722 | V84: FUSILLO SEBASTIANO S.R.L. | W84: 430 - Imprese produttive | X84: 109 - PRODUZIONE DI PRODOTTI PER L'ALIMENTAZIONE DEGLI ANIMALI | Y84: 086 - ITALIA | Z84: 1058 | AH84: 0 | AI84: 202504 | AJ84: ARCHIVIATA DA RPR | AK84: 0 | AL84: 1 | AO84: 0 | AP84: 999 | AQ84: 430 | AR84: 430999 | AT84: 1 | AU84: Classe di rischio 1
A85: 341330 | B85: DF03-02 | C85: Clienti che registrano elevata movimentazione in ingresso con bonifici e assegni e successiva movimentazione verso l'estero | D85: 45787 | E85: 53850 | F85: 132 | G85: 053850_132 | H85: Discovery Frodi | I85: Mai valutato | L85: 1323300003714 | M85: 20250430 | N85: 48 - Bonifico in arrivo | Q85: A - Avere | R85: 31824.6 | T85: 3724103 | U85: 2178850760 | V85: DESMA SOCIETA' A RESPONSABILITA' LIMITATA SEMPLIFICATA | W85: 430 - Imprese produttive | X85: 522 - ATTIVITÀ DI SUPPORTO AI TRASPORTI | Y85: 086 - ITALIA | Z85: 823 | AH85: 0 | AI85: 202504 | AJ85: ARCHIVIATA DA RPR | AK85: 0 | AL85: 1 | AO85: 0 | AP85: 999 | AQ85: 430 | AR85: 430999 | AT85: 1 | AU85: Classe di rischio 1
A86: 341313 | B86: DF03-02 | C86: Clienti che registrano elevata movimentazione in ingresso con bonifici e assegni e successiva movimentazione verso l'estero | D86: 45787 | E86: 53850 | F86: 132 | G86: 053850_132 | H86: Discovery Frodi | I86: Mai valutato | L86: 1323300003714 | M86: 20250407 | N86: 48 - Bonifico in arrivo | Q86: A - Avere | R86: 27793.6 | T86: 3724103 | U86: 2178850760 | V86: DESMA SOCIETA' A RESPONSABILITA' LIMITATA SEMPLIFICATA | W86: 430 - Imprese produttive | X86: 522 - ATTIVITÀ DI SUPPORTO AI TRASPORTI | Y86: 086 - ITALIA | Z86: 823 | AH86: 0 | AI86: 202504 | AJ86: ARCHIVIATA DA RPR | AK86: 0 | AL86: 1 | AO86: 0 | AP86: 999 | AQ86: 430 | AR86: 430999 | AT86: 1 | AU86: Classe di rischio 1
A87: 341266 | B87: DF03-02 | C87: Clienti che registrano elevata movimentazione in ingresso con bonifici e assegni e successiva movimentazione verso l'estero | D87: 45787 | E87: 53850 | F87: 104 | G87: 053850_104 | H87: Discovery Frodi | I87: Mai valutato | L87: 1043309503914 | M87: 20250414 | N87: 48 - Bonifico in arrivo | Q87: A - Avere | R87: 160157.02 | T87: 424944 | U87: 3454860721 | V87: CO.BE.CA. S.R.L. | W87: 430 - Imprese produttive | X87: 463 - COMMERCIO ALL'INGROSSO DI PRODOTTI ALIMENTARI, BEVANDE E PRODOTTI DEL TABACCO | Y87: 086 - ITALIA | Z87: 1696 | AH87: 0 | AI87: 202504 | AJ87: IN CARICO AL GESTORE | AK87: 1 | AL87: 1 | AO87: 0 | AP87: 463 | AQ87: 430 | AR87: 430463 | AS87: Classe di rischio 3 | AU87: Classe di rischio 3
A88: 341248 | B88: DF03-02 | C88: Clienti che registrano elevata movimentazione in ingresso con bonifici e assegni e successiva movimentazione verso l'estero | D88: 45787 | E88: 53850 | F88: 154 | G88: 053850_154 | H88: Discovery Frodi | I88: Mai valutato | L88: 1543300004860 | M88: 20250424 | N88: 48 - Bonifico in arrivo | Q88: A - Avere | R88: 29905.88 | T88: 3715569 | U88: 5424970654 | V88: SQUISITEZZE SRL | W88: 430 - Imprese produttive | X88: 472 - COMMERCIO AL DETTAGLIO DI PRODOTTI ALIMENTARI, BEVANDE E TABACCO IN ESERCIZI SPECIALIZZATI | Y88: 086 - ITALIA | Z88: 741 | AH88: 0 | AI88: 202504 | AJ88: ARCHIVIATA | AK88: 0 | AL88: 1 | AM88: 3715569 | AN88: 1 | AO88: 0 | AP88: 999 | AQ88: 430 | AR88: 430999 | AT88: 1 | AU88: Classe di rischio 1
A89: 341239 | B89: DF03-02 | C89: Clienti che registrano elevata movimentazione in ingresso con bonifici e assegni e successiva movimentazione verso l'estero | D89: 45787 | E89: 53850 | F89: 154 | G89: 053850_154 | H89: Discovery Frodi | I89: Mai valutato | L89: 1543300004860 | M89: 20250414 | N89: 48 - Bonifico in arrivo | Q89: A - Avere | R89: 28811.8 | T89: 3715569 | U89: 5424970654 | V89: SQUISITEZZE SRL | W89: 430 - Imprese produttive | X89: 472 - COMMERCIO AL DETTAGLIO DI PRODOTTI ALIMENTARI, BEVANDE E TABACCO IN ESERCIZI SPECIALIZZATI | Y89: 086 - ITALIA | Z89: 741 | AH89: 0 | AI89: 202504 | AJ89: ARCHIVIATA | AK89: 0 | AL89: 1 | AM89: 3715569 | AN89: 1 | AO89: 0 | AP89: 999 | AQ89: 430 | AR89: 430999 | AT89: 1 | AU89: Classe di rischio 1
A90: 341187 | B90: DF03-02 | C90: Clienti che registrano elevata movimentazione in ingresso con bonifici e assegni e successiva movimentazione verso l'estero | D90: 45787 | E90: 53850 | F90: 116 | G90: 053850_116 | H90: Discovery Frodi | I90: Mai valutato | L90: 1163305431040 | M90: 20250402 | N90: 48 - Bonifico in arrivo | Q90: A - Avere | R90: 104920 | T90: 543104 | U90: 4393640729 | V90: TURBO SERVICE S.R.L. | W90: 430 - Imprese produttive | X90: 466 - COMMERCIO ALL'INGROSSO DI ALTRI MACCHINARI, ATTREZZATURE E FORNITURE | Y90: 086 - ITALIA | Z90: 1696 | AH90: 0 | AI90: 202504 | AJ90: IN CARICO AL RESPONSABILE | AK90: 1 | AL90: 1 | AO90: 0 | AP90: 999 | AQ90: 430 | AR90: 430999 | AT90: 1 | AU90: Classe di rischio 1
A91: 341137 | B91: DF03-02 | C91: Clienti che registrano elevata movimentazione in ingresso con bonifici e assegni e successiva movimentazione verso l'estero | D91: 45787 | E91: 53850 | F91: 191 | G91: 053850_191 | H91: Discovery Frodi | I91: Mai valutato | L91: 1913300068122 | M91: 20250403 | N91: 48 - Bonifico in arrivo | Q91: A - Avere | R91: 100000 | T91: 4918280 | U91: 3480410798 | V91: OLEARIA CHIERA S.R.L. | W91: 430 - Imprese produttive | X91: 104 - PRODUZIONE DI OLI E GRASSI VEGETALI E ANIMALI | Y91: 086 - ITALIA | AH91: 0 | AI91: 202504 | AJ91: ARCHIVIATA | AK91: 0 | AL91: 1 | AO91: 0 | AP91: 999 | AQ91: 430 | AR91: 430999 | AT91: 1 | AU91: Classe di rischio 1
A92: 341127 | B92: DF03-02 | C92: Clienti che registrano elevata movimentazione in ingresso con bonifici e assegni e successiva movimentazione verso l'estero | D92: 45787 | E92: 53850 | F92: 191 | G92: 053850_191 | H92: Discovery Frodi | I92: Mai valutato | L92: 1913300068122 | M92: 20250408 | N92: 48 - Bonifico in arrivo | Q92: A - Avere | R92: 72400 | T92: 4918280 | U92: 3480410798 | V92: OLEARIA CHIERA S.R.L. | W92: 430 - Imprese produttive | X92: 104 - PRODUZIONE DI OLI E GRASSI VEGETALI E ANIMALI | Y92: 086 - ITALIA | AH92: 0 | AI92: 202504 | AJ92: ARCHIVIATA | AK92: 0 | AL92: 1 | AO92: 0 | AP92: 999 | AQ92: 430 | AR92: 430999 | AT92: 1 | AU92: Classe di rischio 1
A93: 341047 | B93: DF03-02 | C93: Clienti che registrano elevata movimentazione in ingresso con bonifici e assegni e successiva movimentazione verso l'estero | D93: 45787 | E93: 53850 | F93: 148 | G93: 053850_148 | H93: Discovery Frodi | I93: Mai valutato | L93: 1483300004308 | M93: 20250402 | N93: 48 - Bonifico in arrivo | Q93: A - Avere | R93: 29100 | T93: 4898674 | U93: 2936580642 | V93: GLOBAL TRADING S.R.L.S. | W93: 430 - Imprese produttive | X93: 467 - COMMERCIO ALL'INGROSSO SPECIALIZZATO DI ALTRI PRODOTTI | Y93: 086 - ITALIA | Z93: 1063 | AH93: 0 | AI93: 202504 | AJ93: ARCHIVIATA | AK93: 0 | AL93: 1 | AO93: 0 | AP93: 999 | AQ93: 430 | AR93: 430999 | AT93: 1 | AU93: Classe di rischio 1
A94: 340989 | B94: DF03-02 | C94: Clienti che registrano elevata movimentazione in ingresso con bonifici e assegni e successiva movimentazione verso l'estero | D94: 45787 | E94: 53850 | F94: 125 | G94: 053850_125 | H94: Discovery Frodi | I94: Mai valutato | L94: 1253309512895 | M94: 20250407 | N94: 48 - Bonifico in arrivo | Q94: A - Avere | R94: 186150.05 | T94: 4795279 | U94: 1020090658 | V94: GIAGUARO - S.P.A. | W94: 430 - Imprese produttive | X94: 103 - LAVORAZIONE E CONSERVAZIONE DI FRUTTA E ORTAGGI | Y94: 086 - ITALIA | Z94: 982 | AH94: 0 | AI94: 202504 | AJ94: ARCHIVIATA DA RPR | AK94: 0 | AL94: 1 | AO94: 0 | AP94: 999 | AQ94: 430 | AR94: 430999 | AT94: 1 | AU94: Classe di rischio 1
A95: 340944 | B95: DF03-02 | C95: Clienti che registrano elevata movimentazione in ingresso con bonifici e assegni e successiva movimentazione verso l'estero | D95: 45787 | E95: 53850 | F95: 192 | G95: 053850_192 | H95: Discovery Frodi | I95: Mai valutato | L95: 1923300183163 | M95: 20250422 | N95: 48 - Bonifico in arrivo | Q95: A - Avere | R95: 41655 | T95: 4695944 | U95: VLNFNC74H03H096P | V95: VALENTE FRANCESCO | W95: 615 - Altre famiglie produttrici | X95: 691 - ATTIVITÀ DEGLI STUDI LEGALI | Y95: 086 - ITALIA | Z95: 481 | AH95: 0 | AI95: 202504 | AJ95: ARCHIVIATA | AK95: 0 | AL95: 1 | AM95: 4695944 | AN95: 1 | AO95: 0 | AP95: 999 | AQ95: 615 | AR95: 615999 | AT95: 1 | AU95: Classe di rischio 3
A96: 340924 | B96: DF03-02 | C96: Clienti che registrano elevata movimentazione in ingresso con bonifici e assegni e successiva movimentazione verso l'estero | D96: 45787 | E96: 53850 | F96: 148 | G96: 053850_148 | H96: Discovery Frodi | I96: Mai valutato | L96: 1483300004308 | M96: 20250422 | N96: 48 - Bonifico in arrivo | Q96: A - Avere | R96: 34992.43 | T96: 4898674 | U96: 2936580642 | V96: GLOBAL TRADING S.R.L.S. | W96: 430 - Imprese produttive | X96: 467 - COMMERCIO ALL'INGROSSO SPECIALIZZATO DI ALTRI PRODOTTI | Y96: 086 - ITALIA | Z96: 1063 | AH96: 0 | AI96: 202504 | AJ96: ARCHIVIATA | AK96: 0 | AL96: 1 | AO96: 0 | AP96: 999 | AQ96: 430 | AR96: 430999 | AT96: 1 | AU96: Classe di rischio 1
A97: 340803 | B97: DF03-02 | C97: Clienti che registrano elevata movimentazione in ingresso con bonifici e assegni e successiva movimentazione verso l'estero | D97: 45787 | E97: 53850 | F97: 122 | G97: 053850_122 | H97: Discovery Frodi | I97: Mai valutato | L97: 1223300002128 | M97: 20250424 | N97: 48 - Bonifico in arrivo | Q97: A - Avere | R97: 27920.96 | T97: 3711207 | U97: 8825020723 | V97: EXPRIVIA S.P.A. | W97: 430 - Imprese produttive | X97: 620 - PRODUZIONE DI SOFTWARE, CONSULENZA INFORMATICA E ATTIVITÀ CONNESSE | Y97: 086 - ITALIA | Z97: 1696 | AH97: 0 | AI97: 202504 | AJ97: ARCHIVIATA DA RPR | AK97: 0 | AL97: 1 | AO97: 0 | AP97: 620 | AQ97: 430 | AR97: 430620 | AS97: Classe di rischio 3 | AU97: Classe di rischio 3
A98: 340767 | B98: DF03-02 | C98: Clienti che registrano elevata movimentazione in ingresso con bonifici e assegni e successiva movimentazione verso l'estero | D98: 45787 | E98: 53850 | F98: 161 | G98: 053850_161 | H98: Discovery Frodi | I98: Mai valutato | L98: 1613300032599 | M98: 20250428 | N98: 48 - Bonifico in arrivo | Q98: A - Avere | R98: 615000 | T98: 4845705 | U98: 6832140724 | V98: ZOOTECNICA S.R.L. - SOCIETA' AGRICOLA | W98: 430 - Imprese produttive | X98: 014 - ALLEVAMENTO DI ANIMALI | Y98: 086 - ITALIA | Z98: 1903 | AH98: 0 | AI98: 202504 | AJ98: IN CARICO AL RESPONSABILE | AK98: 1 | AL98: 1 | AO98: 0 | AP98: 999 | AQ98: 430 | AR98: 430999 | AT98: 1 | AU98: Classe di rischio 1
A99: 340765 | B99: DF03-02 | C99: Clienti che registrano elevata movimentazione in ingresso con bonifici e assegni e successiva movimentazione verso l'estero | D99: 45787 | E99: 53850 | F99: 226 | G99: 053850_226 | H99: Discovery Frodi | I99: Mai valutato | L99: 2263300010989 | M99: 20250407 | N99: 48 - Bonifico in arrivo | Q99: A - Avere | R99: 29900.98 | T99: 4804128 | U99: 6363770725 | V99: NUGNES 1920 S.R.L. | W99: 430 - Imprese produttive | X99: 477 - COMMERCIO AL DETTAGLIO DI ALTRI PRODOTTI IN ESERCIZI SPECIALIZZATI | Y99: 086 - ITALIA | Z99: 1696 | AH99: 0 | AI99: 202504 | AJ99: IN CARICO AL RESPONSABILE | AK99: 1 | AL99: 1 | AO99: 0 | AP99: 477 | AQ99: 430 | AR99: 430477 | AS99: Classe di rischio 3 | AU99: Classe di rischio 3
A100: 340743 | B100: DF03-02 | C100: Clienti che registrano elevata movimentazione in ingresso con bonifici e assegni e successiva movimentazione verso l'estero | D100: 45787 | E100: 53850 | F100: 154 | G100: 053850_154 | H100: Discovery Frodi | I100: Mai valutato | L100: 1543300004860 | M100: 20250417 | N100: 48 - Bonifico in arrivo | Q100: A - Avere | R100: 44730.5 | T100: 3715569 | U100: 5424970654 | V100: SQUISITEZZE SRL | W100: 430 - Imprese produttive | X100: 472 - COMMERCIO AL DETTAGLIO DI PRODOTTI ALIMENTARI, BEVANDE E TABACCO IN ESERCIZI SPECIALIZZATI | Y100: 086 - ITALIA | Z100: 741 | AH100: 0 | AI100: 202504 | AJ100: ARCHIVIATA | AK100: 0 | AL100: 1 | AM100: 3715569 | AN100: 1 | AO100: 0 | AP100: 999 | AQ100: 430 | AR100: 430999 | AT100: 1 | AU100: Classe di rischio 1
...
